Genus_family,Country,Taxa_code,Type_1,Type_2,Site_block,Site_no,Site_name,Group,Mode,Lowest_level,Tribe,Ratio_DHA_LNA,Ratio_EPA_LNA,Ratio_EPA_ALA,EPA_perc,DHA_perc,LNA_perc,ALA_perc,chl_a_m2_day,Riparian_PC1,Catchment_PC1
Agelenidae,BE,Agel,FBF,PAIR,KOU_PAIR,11,KOU_FBF,Arachnida,Web,Agelenidae,NA,0.001876388,0.023702447,1.913599083,0.201298937,0.015935693,8.492749168,0.105193893,0.018055556,-0.364641013,0.262723576
Agelenidae,BE,Agel,FBF,PAIR,MOL_PAIR,3,MOL_FBF,Arachnida,Web,Agelenidae,NA,0.00382789,0.03104239,2.776005675,0.523168252,0.064512769,16.85334967,0.188460801,0.032222222,-0.117135283,0.423125486
Agelenidae,BE,Agel,FBF,PAIR,MOZ_PAIR,10,MOZ_FBF,Arachnida,Web,Agelenidae,NA,0.017953645,0.022682063,0.391585499,0.143852738,0.113864465,6.342136499,0.367359718,0.021388889,-0.068125086,0.538674046
Agelenidae,BE,Agel,FBF,PAIR,ROO_PAIR,6,ROO_FBF,Arachnida,Web,Agelenidae,NA,0.003753743,0.030216409,1.893500241,0.271510426,0.033729363,8.985529108,0.143390753,0.079305556,-0.71331785,0.582623807
Agelenidae,BE,Agel,FBF,PAIR,VAA_PAIR,15,VAA_FBF,Arachnida,Web,Agelenidae,NA,0.005283482,0.048936278,2.204974982,0.492603792,0.053184746,10.06622926,0.223405615,0.03875,-0.696888484,0.768169866
Agelenidae,BE,Agel,FBF,PAIR,WUR_PAIR,7,WUR_FBF,Arachnida,Web,Agelenidae,NA,0.002992298,0.020812105,1.893396231,0.279485927,0.040183592,13.42900796,0.147610903,0.057777778,-0.033408378,0.715621529
Agelenidae,BE,Agel,FOR,FOR,SAS_LDS,33,SAS_FOR,Arachnida,Web,Agelenidae,NA,0.003157757,0.044660405,3.408581661,0.711573637,0.050312493,15.93298681,0.208759451,NA,0.186537926,-0.503234265
Agelenidae,BE,Agel,FOR,FOR,DOR_LDS,1,DOR_LDS,Arachnida,Web,Agelenidae,NA,0.001403612,0.036465976,2.690081168,0.453186094,0.017443593,12.42764183,0.168465584,0.029861111,-0.145447286,0.309111316
Agelenidae,BE,Agel,FOR,FOR,ROO_LDS,34,ROO_LDS,Arachnida,Web,Agelenidae,NA,0.001226729,0.015290366,1.570018884,0.175348914,0.014068048,11.46793446,0.111685863,NA,0.066417361,0.039459813
Agelenidae,BE,Agel,FOR,FOR,VAA_LDS,4,VAA_LDS,Arachnida,Web,Agelenidae,NA,0.003549042,0.03931979,2.263544463,0.333893154,0.030137517,8.491732877,0.147508989,0.031666667,-0.25921172,0.542406187
Agelenidae,BE,Agel,UBF,PAIR,KOU_PAIR,32,KOU_UBF,Arachnida,Web,Agelenidae,NA,0.00243305,0.023502549,2.235153886,0.290846958,0.03010929,12.3751241,0.130123908,0.012222222,-0.875981994,0.956547
Agelenidae,BE,Agel,UBF,PAIR,MOL_PAIR,24,MOL_UBF,Arachnida,Web,Agelenidae,NA,0.005797153,0.037560398,2.326885817,0.443284367,0.068417467,11.80190801,0.190505423,0.023194444,-0.898796159,0.479865666
Agelenidae,BE,Agel,UBF,PAIR,MOZ_PAIR,31,MOZ_UBF,Arachnida,Web,Agelenidae,NA,0.007521868,0.028135315,1.537136982,0.220388728,0.058920077,7.833170732,0.143376115,0.443333333,-0.789196634,0.544535481
Agelenidae,BE,Agel,UBF,PAIR,ROO_PAIR,27,ROO_UBF,Arachnida,Web,Agelenidae,NA,0.008871013,0.045630019,2.844330338,0.529275795,0.10289745,11.5992895,0.186080987,0.017083333,-1.031147484,0.855354748
Agelenidae,BE,Agel,UBF,PAIR,SLI_PAIR,26,SLI_UBF,Arachnida,Web,Agelenidae,NA,0.00762539,0.056470835,2.698333148,0.586357178,0.079177188,10.38336289,0.217303478,0.022222222,-0.676931413,0.489382763
Agelenidae,BE,Agel,UBF,PAIR,VAA_PAIR,25,VAA_UBF,Arachnida,Web,Agelenidae,NA,0.007608644,0.058293352,2.267590567,0.466406836,0.060876983,8.001029562,0.205683884,0.017083333,-0.312130141,0.928076263
Agelenidae,BE,Agel,UBF,PAIR,WUR_PAIR,28,WUR_UBF,Arachnida,Web,Agelenidae,NA,0.007545422,0.053275492,3.373975903,0.528949264,0.074915227,9.928566498,0.156773278,0.171666667,-0.743787356,0.375729004
Agelenidae,BE,Agel,UBF,PAIR,ZIJ_PAIR,30,ZIJ_UBF,Arachnida,Web,Agelenidae,NA,0.004203171,0.029704789,1.918371618,0.289909499,0.041021643,9.75968898,0.1511227,0.010740741,-1.037044149,0.726446402
Agelenidae,NO,Agel,FOR,FOR,MAE_FOR,31,MAE_FOR,Arachnida,Web,Agelenidae,NA,0.003900266,0.065011108,8.437400037,1.059594894,0.063569168,16.29867461,0.125583105,0,0.340559528,0.145618966
Agelenidae,NO,Agel,FBF,PAIR,AKE_PAIR,3,AKE_FBF,Arachnida,Web,Agelenidae,NA,0.048266963,0.195084308,4.376830247,0.71886184,0.177857862,3.684877819,0.164242568,0.16969697,0.326343024,-1.210160765
Agelenidae,NO,Agel,FBF,PAIR,MAE_PAIR,33,MAE_FBF,Arachnida,Web,Agelenidae,NA,0.006470883,0.133984611,13.75532313,1.861336144,0.089894559,13.89216365,0.135317515,0.431944444,0.724353192,0.168271254
Agelenidae,NO,Agel,FOR,FOR,ALN_FOR,5,ALN_FOR,Arachnida,Web,Agelenidae,NA,0.005817833,0.180485717,7.159918706,1.783318246,0.057484041,9.880661363,0.249069622,0.455555556,0.579851591,-0.668275741
Agelenidae,NO,Agel,UBF,PAIR,ALN_PAIR,6,ALN_UBF,Arachnida,Web,Agelenidae,NA,0.017085326,0.023051076,2.36670875,0.462340226,0.342683946,20.05720828,0.195351552,NA,0.28767449,0.040637636
Araneidae,BE,Aran,FBF,PAIR,BOE_PAIR,8,BOE_FBF,Arachnida,Web,Araneidae,NA,0.006582314,0.02839826,1.817748481,0.287349195,0.066603465,10.11854933,0.158079733,0.017777778,-0.086739833,0.514379273
Araneidae,BE,Aran,FBF,PAIR,ZIJ_PAIR,9,ZIJ_FBF,Arachnida,Web,Araneidae,NA,0.007627567,0.038537123,1.910263,0.332184567,0.065748555,8.619859024,0.173894677,0.015555556,0.008492095,0.739899609
Araneidae,BE,Aran,FOR,FOR,SAS_LDS,33,SAS_FOR,Arachnida,Web,Araneidae,NA,0.004626998,0.059963213,2.999030871,0.665080204,0.051320209,11.09147043,0.221765041,NA,0.186537926,-0.503234265
Araneidae,BE,Aran,FOR,FOR,ROO_LDS,34,ROO_LDS,Arachnida,Web,Araneidae,NA,0.003102737,0.03028739,1.91512357,0.389708905,0.039923028,12.86703512,0.203490214,NA,0.066417361,0.039459813
Araneidae,BE,Aran,UBF,PAIR,KOU_PAIR,32,KOU_UBF,Arachnida,Web,Araneidae,NA,0.00383251,0.016962942,1.472506904,0.269703388,0.060935243,15.89956408,0.183159337,0.012222222,-0.875981994,0.956547
Araneidae,BE,Aran,UBF,PAIR,MOL_PAIR,24,MOL_UBF,Arachnida,Web,Araneidae,NA,0.001881337,0.024712945,1.839357132,0.422444919,0.032159717,17.09407444,0.229669873,0.023194444,-0.898796159,0.479865666
Araneidae,BE,Aran,UBF,PAIR,MOZ_PAIR,31,MOZ_UBF,Arachnida,Web,Araneidae,NA,0.01167079,0.03600843,2.397539612,0.430375775,0.139490263,11.95208372,0.179507263,0.443333333,-0.789196634,0.544535481
Araneidae,BE,Aran,UBF,PAIR,ROO_PAIR,27,ROO_UBF,Arachnida,Web,Araneidae,NA,0.003396506,0.032305436,2.74564856,0.403537272,0.042426809,12.49131159,0.146973388,0.017083333,-1.031147484,0.855354748
Araneidae,BE,Aran,UBF,PAIR,SLI_PAIR,26,SLI_UBF,Arachnida,Web,Araneidae,NA,0.041158773,0.093835478,1.803447167,0.516293924,0.226460448,5.502118532,0.286281702,0.022222222,-0.676931413,0.489382763
Araneidae,BE,Aran,FBF,PAIR,KOU_PAIR,11,KOU_FBF,Arachnida,Web,Araneidae,NA,0.011688881,0.042541369,1.725160858,0.258765248,0.071099641,6.08267327,0.149994852,0.018055556,-0.364641013,0.262723576
Araneidae,BE,Aran,FBF,PAIR,MOL_PAIR,3,MOL_FBF,Arachnida,Web,Araneidae,NA,0.017791425,0.025443647,0.730170431,0.122460855,0.085630534,4.81302289,0.16771544,0.032222222,-0.117135283,0.423125486
Araneidae,BE,Aran,FBF,PAIR,MOZ_PAIR,10,MOZ_FBF,Arachnida,Web,Araneidae,NA,0.010378597,0.013278216,1.190175681,0.143771196,0.112375281,10.8275987,0.120798298,0.021388889,-0.068125086,0.538674046
Araneidae,BE,Aran,FBF,PAIR,SLI_PAIR,5,SLI_FBF,Arachnida,Web,Araneidae,NA,0.003356983,0.037587693,2.509476806,0.502535218,0.044881775,13.36967453,0.200254976,0.008611111,0.186588335,1.186925008
Araneidae,BE,Aran,FBF,PAIR,WUR_PAIR,7,WUR_FBF,Arachnida,Web,Araneidae,NA,0.005638116,0.016781341,0.878519826,0.155977441,0.052404567,9.294694957,0.177545727,0.057777778,-0.033408378,0.715621529
Araneidae,BE,Aran,UBF,PAIR,WUR_PAIR,28,WUR_UBF,Arachnida,Web,Araneidae,NA,0.012762517,0.012182823,0.517350491,0.087667013,0.091838466,7.195952318,0.169453811,0.171666667,-0.743787356,0.375729004
Linyphiidae,BE,Liny,FBF,PAIR,ZIJ_PAIR,9,ZIJ_FBF,Arachnida,Web,Linyphiidae,NA,0.001775918,0.02355499,1.292014914,0.237733767,0.017923834,10.09271349,0.18400234,0.015555556,0.008492095,0.739899609
Linyphiidae,BE,Liny,FOR,FOR,ROO_LDS,34,ROO_LDS,Arachnida,Web,Linyphiidae,NA,0.00855808,0.064461309,2.356558815,0.639836934,0.084946699,9.925906592,0.271513246,NA,0.066417361,0.039459813
Linyphiidae,BE,Liny,FOR,FOR,VAA_LDS,4,VAA_LDS,Arachnida,Web,Linyphiidae,NA,0.002994809,0.019604363,1.482642288,0.23001324,0.035137366,11.73275756,0.15513738,0.031666667,-0.25921172,0.542406187
Linyphiidae,BE,Liny,FOR,FOR,VER_LDS,2,VER_LDS,Arachnida,Web,Linyphiidae,NA,0.028778541,0.031170017,1.706293491,0.200763347,0.185360054,6.440912235,0.117660501,0.02125,-0.437025334,0.228020307
Linyphiidae,BE,Liny,FOR,FOR,DOR_LDS,1,DOR_LDS,Arachnida,Web,Linyphiidae,NA,0.007945966,0.082121806,3.501414312,1.058737033,0.102441584,12.89227649,0.302374109,0.029861111,-0.145447286,0.309111316
Linyphiidae,BE,Liny,UBF,PAIR,WUR_PAIR,28,WUR_UBF,Arachnida,Web,Linyphiidae,NA,0.00196456,0.021989754,1.552958508,0.237475857,0.02121604,10.7993865,0.152918353,0.171666667,-0.743787356,0.375729004
Linyphiidae,BE,Liny,UBF,PAIR,ZIJ_PAIR,30,ZIJ_UBF,Arachnida,Web,Linyphiidae,NA,0.008777427,0.033832414,1.560434698,0.363650808,0.094344975,10.74859175,0.233044554,0.010740741,-1.037044149,0.726446402
Linyphiidae,NO,Liny,FOR,FOR,HMI_FOR,24,HMI_FOR,Arachnida,Web,Linyphiidae,NA,0.004895173,0.094843242,6.701165668,1.363680514,0.070384058,14.37825712,0.203499,0.23938172,0.513117856,-0.474661194
Linyphiidae,BE,Liny,UBF,PAIR,MOZ_PAIR,31,MOZ_UBF,Arachnida,Web,Linyphiidae,NA,0.00338109,0.035358643,2.930179867,0.524033851,0.050109545,14.82053079,0.178840165,0.443333333,-0.789196634,0.544535481
Linyphiidae,NO,Liny,FOR,FOR,MAE_FOR,31,MAE_FOR,Arachnida,Web,Linyphiidae,NA,0.01006996,0.20905912,12.31445122,2.058646697,0.099160896,9.847198714,0.167173239,0,0.340559528,0.145618966
Linyphiidae,NO,Liny,FOR,FOR,FRO_FOR,12,FRO_FOR1,Arachnida,Web,Linyphiidae,NA,0.017182645,0.104476296,2.25859114,0.513368266,0.084430869,4.91372956,0.227295794,0.030074074,-0.768663647,-1.469745918
Linyphiidae,NO,Liny,UBF,PAIR,GAU_PAIR,18,GAU_UBF,Arachnida,Web,Linyphiidae,NA,0.002168455,0.111737722,10.46941296,2.095535221,0.040667329,18.75405355,0.200157853,0.698194444,-0.34740255,0.239693028
Linyphiidae,NO,Liny,UBF,PAIR,HMA_PAIR,28,HMA_UBF,Arachnida,Web,Linyphiidae,NA,0.015491021,0.16912947,5.317560853,1.615229486,0.147943198,9.550254514,0.303753832,0.446527778,0.331578951,0.229040131
Linyphiidae,NO,Liny,UBF,PAIR,HMI_PAIR,25,HMI_UBF,Arachnida,Web,Linyphiidae,NA,0.001800021,0.147981074,5.21428119,1.536181448,0.018685899,10.3809319,0.294610396,0.750130208,0.329945952,-0.334891603
Linyphiidae,NO,Liny,UBF,PAIR,HSK_PAIR,21,HSK_UBF,Arachnida,Web,Linyphiidae,NA,0.031268526,0.213022465,5.096991487,1.358735584,0.199442151,6.378367565,0.266575996,0.752822581,0.230552574,-0.529001972
Linyphiidae,SE,Liny,FBF,PAIR,LIS_PAIR,C0367,LIS_FBF,Arachnida,Web,Linyphiidae,NA,0.001595583,0.062523412,2.381679146,1.073014793,0.027383089,17.16180809,0.450528693,0.500886574,0.931074238,-0.008172792
Linyphiidae,SE,Liny,FBF,PAIR,NAR_PAIR,C0375,NAR_FBF,Arachnida,Web,Linyphiidae,NA,0.002234667,0.094880133,3.843598673,1.422338043,0.033499653,14.9908942,0.370053735,0.757727183,0.797823487,-0.432799748
Linyphiidae,SE,Liny,FBF,PAIR,ORS_PAIR,C0361,ORS_FBF,Arachnida,Web,Linyphiidae,NA,0.002411801,0.078730151,2.876069752,1.155489183,0.03539698,14.67657777,0.401759791,0.777156085,0.524192165,-0.392015317
Linyphiidae,SE,Liny,FBF,PAIR,SKA_PAIR,C0371,SKA_FBF,Arachnida,Web,Linyphiidae,NA,0.002518405,0.075868385,2.425538386,1.179559475,0.039154764,15.54744411,0.486308311,0.919792659,0.976079032,-0.359094805
Linyphiidae,SE,Liny,FBF,PAIR,TEM_PAIR,C0363,TEM_FBF,Arachnida,Web,Linyphiidae,NA,0.001198771,0.052074998,1.838098859,0.413242529,0.009512879,7.935526506,0.224820622,0.230303571,0.841632593,-0.481196885
Linyphiidae,SE,Liny,FBF,PAIR,TEM_PAIR,C0363,TEM_FBF,Arachnida,Web,Linyphiidae,NA,0.001198771,0.052074998,1.838098859,0.413242529,0.009512879,7.935526506,0.224820622,0.230303571,0.841632593,-0.481196885
Linyphiidae,NO,Liny,FOR,FOR,HSK_FOR,20,HSK_FOR,Arachnida,Web,Linyphiidae,NA,0.003792957,0.071886604,7.320232231,1.318322162,0.069558705,18.33891289,0.180092942,0.235740741,0.437613336,-0.940741294
Linyphiidae,SE,Liny,FOR,FOR,FIB_FOR,C0358,FIB_FOR,Arachnida,Web,Linyphiidae,NA,0.003939724,0.086807245,1.304051585,1.541487107,0.069959987,17.7575858,1.182075253,0.15105698,0.790625614,-1.291644448
Linyphiidae,SE,Liny,FOR,FOR,GRA_FOR,C0356,GRA_FOR,Arachnida,Web,Linyphiidae,NA,0.004383166,0.104306519,1.346473606,1.883530735,0.079149689,18.05765118,1.39886198,0.243426282,0.687810372,-1.409774173
Linyphiidae,SE,Liny,FOR,FOR,LAF_FOR,C0357,LAF_FOR,Arachnida,Web,Linyphiidae,NA,0.005376673,0.097879819,1.851035877,1.752294194,0.096255929,17.90250746,0.946655986,0.242150463,0.888661933,-0.602791284
Linyphiidae,SE,Liny,FOR,FOR,OVE_FOR,C0359,OVE_FOR,Arachnida,Web,Linyphiidae,NA,0.001325423,0.086664861,1.763872107,1.684634496,0.025764223,19.4384953,0.955077462,0.248784722,0.948596033,-0.772665362
Linyphiidae,SE,Liny,UBF,PAIR,ALO_PAIR,C0378,ALO_UBF,Arachnida,Web,Linyphiidae,NA,0.001038894,0.046761014,3.089160056,0.910449015,0.020227534,19.47025797,0.294723808,0.589711934,0.360562405,-0.232031731
Linyphiidae,SE,Liny,UBF,PAIR,LAN_PAIR,C0376,LAN_UBF,Arachnida,Web,Linyphiidae,NA,0.003652383,0.083340679,4.102337874,1.396711358,0.0612105,16.75905907,0.340467168,0.359780983,0.463900274,-1.058959646
Linyphiidae,SE,Liny,UBF,PAIR,NAR_PAIR,C0374,NAR_UBF,Arachnida,Web,Linyphiidae,NA,0.002475746,0.087658586,4.769831386,1.495959378,0.042250458,17.06574841,0.313629405,0.248784722,0.45443682,-0.466137372
Linyphiidae,SE,Liny,UBF,PAIR,ORS_PAIR,C0360,ORS_UBF,Arachnida,Web,Linyphiidae,NA,0.005858779,0.093581902,3.425881802,1.472872531,0.09221051,15.73886081,0.429925087,0.794689484,0.364957309,-0.351383392
Linyphiidae,SE,Liny,UBF,PAIR,SKA_PAIR,C0370,SKA_UBF,Arachnida,Web,Linyphiidae,NA,0.000948476,0.055733046,2.321961088,0.912208049,0.015524129,16.36745383,0.392861041,0.709101649,-0.263608506,-0.406033884
Linyphiidae,SE,Liny,UBF,PAIR,TEM_PAIR,C0362,TEM_UBF,Arachnida,Web,Linyphiidae,NA,0.002230419,0.042743628,2.334263059,0.639641226,0.033377321,14.96459849,0.274022769,0.353985119,0.219408874,-0.173362182
Linyphiidae,NO,Liny,FBF,PAIR,SAN_PAIR,36,SAN_FBF,Arachnida,Web,Linyphiidae,NA,0.010012988,0.283439794,10.36120283,2.576286686,0.091011662,9.089361271,0.248647452,0.155882353,0.192592363,-0.228863127
Linyphiidae,NO,Liny,FOR,FOR,AKE_FOR,1,AKE_FOR,Arachnida,Web,Linyphiidae,NA,0.009561022,0.242326637,8.809741981,3.076303498,0.12137587,12.69486318,0.349193371,0.207834758,0.713646671,-1.554220999
Linyphiidae,SE,Liny,FOR,FOR,DAL_FOR,C0355,DAL_FOR,Arachnida,Web,Linyphiidae,NA,0.002456346,0.091648944,1.375160687,1.670002137,0.044758863,18.221728,1.21440509,0.146974359,0.816645422,-1.232470567
Linyphiidae,BE,Liny,FBF,PAIR,BOE_PAIR,8,BOE_FBF,Arachnida,Web,Linyphiidae,NA,0.00409616,0.059904588,2.14339969,0.4984923,0.034085939,8.321437713,0.232570856,0.017777778,-0.086739833,0.514379273
Linyphiidae,BE,Liny,FBF,PAIR,KOU_PAIR,11,KOU_FBF,Arachnida,Web,Linyphiidae,NA,0.004872804,0.017460325,0.91432291,0.136707197,0.038152059,7.829590576,0.149517414,0.018055556,-0.364641013,0.262723576
Linyphiidae,BE,Liny,FBF,PAIR,MOZ_PAIR,10,MOZ_FBF,Arachnida,Web,Linyphiidae,NA,0.006861563,0.016330797,1.213117745,0.164488254,0.069111539,10.07227369,0.135591334,0.021388889,-0.068125086,0.538674046
Linyphiidae,BE,Liny,FBF,PAIR,SLI_PAIR,5,SLI_FBF,Arachnida,Web,Linyphiidae,NA,0.001440678,0.012021103,0.864120783,0.15944626,0.019108953,13.26386253,0.184518488,0.008611111,0.186588335,1.186925008
Linyphiidae,NO,Liny,FBF,PAIR,AKE_PAIR,3,AKE_FBF,Arachnida,Web,Linyphiidae,NA,0.001971069,0.08224804,6.831885012,1.355123712,0.032475453,16.47606081,0.198352828,0.16969697,0.326343024,-1.210160765
Linyphiidae,NO,Liny,FBF,PAIR,ALN_PAIR,7,ALN_FBF,Arachnida,Web,Linyphiidae,NA,0.004529795,0.089050035,5.448396033,1.303681663,0.066315651,14.63987814,0.239278065,0.390994624,0.553384809,0.054618478
Linyphiidae,NO,Liny,FBF,PAIR,FRO_PAIR,15,FRO_FBF,Arachnida,Web,Linyphiidae,NA,0.004288098,0.141525631,6.245924678,3.188123614,0.096597255,22.52682855,0.510432607,0.189722222,0.397632367,-0.374153707
Linyphiidae,NO,Liny,FBF,PAIR,HOV_PAIR,9,HOV_FBF,Arachnida,Web,Linyphiidae,NA,0.003989604,0.079736439,2.094393002,0.645497975,0.032297424,8.09539502,0.308202889,0.047777778,0.37945949,-0.459057008
Linyphiidae,NO,Liny,FBF,PAIR,HSK_PAIR,22,HSK_FBF,Arachnida,Web,Linyphiidae,NA,0.007655355,0.102767973,7.229974149,1.475831588,0.109937121,14.3608125,0.204126814,0.104480287,0.519110881,-0.628267835
Linyphiidae,NO,Liny,FBF,PAIR,MAE_PAIR,33,MAE_FBF,Arachnida,Web,Linyphiidae,NA,0.008860739,0.05210871,7.019810176,0.628810294,0.106925006,12.06727798,0.089576538,0.431944444,0.724353192,0.168271254
Linyphiidae,SE,Liny,FBF,PAIR,JUM_PAIR,C0365,JUM_FBF,Arachnida,Web,Linyphiidae,NA,0.001904023,0.024552291,0.370119011,0.386099221,0.029941884,15.72558836,1.043175867,1.044130342,0.482155003,-0.7584833
Linyphiidae,SE,Liny,FBF,PAIR,ALO_PAIR,C0379,ALO_FBF,Arachnida,Web,Linyphiidae,NA,0.001761908,0.045328783,2.360156137,0.713865802,0.027747625,15.74862069,0.302465498,1.680679012,0.724244213,-0.261060359
Linyphiidae,SE,Liny,FBF,PAIR,BUR_PAIR,C0369,BUR_FBF,Arachnida,Web,Linyphiidae,NA,0.005440546,0.120908798,6.381775879,1.844061058,0.082977406,15.25166978,0.288957352,0.389525794,0.847247993,-0.38928664
Linyphiidae,SE,Liny,FBF,PAIR,HAG_PAIR,C0373,HAG_FBF,Arachnida,Web,Linyphiidae,NA,0.00222449,0.039867722,1.193015826,0.726994239,0.040563919,18.23515853,0.609375185,0.877196502,0.76680004,-0.22663997
Linyphiidae,SE,Liny,FBF,PAIR,LAN_PAIR,C0377,LAN_FBF,Arachnida,Web,Linyphiidae,NA,0.002776906,0.090407662,1.461485487,1.464558748,0.044984481,16.19949813,1.002102834,0.341409188,0.804361738,-1.024805776
Lycosidae,RO,Lyco,UBF,PAIR,SLA_PAIR,13,SLA_UBF,Arachnida,Ground,Lycosidae,NA,0.001469293,0.258996364,8.250977077,3.956189064,0.02244356,15.27507568,0.479481282,NA,-1.10646126,0.57162582
Lycosidae,BE,Lyco,FOR,FOR,DOR_LDS,1,DOR_LDS,Arachnida,Ground,Lycosidae,NA,0.004573563,0.102048485,3.456496214,1.003863444,0.044990703,9.83712248,0.290428047,0.029861111,-0.145447286,0.309111316
Lycosidae,BE,Lyco,FOR,FOR,VER_LDS,2,VER_LDS,Arachnida,Ground,Lycosidae,NA,0.047609003,0.102708551,3.90177948,0.989458786,0.458648732,9.633655417,0.253591673,0.02125,-0.437025334,0.228020307
Lycosidae,BE,Lyco,UBF,PAIR,KOU_PAIR,32,KOU_UBF,Arachnida,Ground,Lycosidae,NA,0.003946843,0.085294937,3.766716374,0.864391953,0.03999791,10.13415316,0.229481561,0.012222222,-0.875981994,0.956547
Lycosidae,RO,Lyco,UBF,PAIR,STR_PAIR,21,STR_UBF,Arachnida,Ground,Lycosidae,NA,0.001025223,0.09864186,5.551929617,1.877764721,0.019516343,19.0361852,0.338218394,0.523472222,-0.946559717,0.505179978
Lycosidae,NO,Lyco,FBF,PAIR,AKE_PAIR,3,AKE_FBF,Arachnida,Ground,Lycosidae,NA,0.003075681,0.097355793,2.958955404,1.071917437,0.033864204,11.01030974,0.362262113,0.16969697,0.326343024,-1.210160765
Lycosidae,NO,Lyco,FBF,PAIR,HMI_PAIR,26,HMI_FBF,Arachnida,Ground,Lycosidae,NA,0.010092988,0.357368505,17.49358233,4.919387419,0.138935908,13.76558748,0.281210979,0.504706101,0.51157106,-0.131497844
Lycosidae,NO,Lyco,FBF,PAIR,MAE_PAIR,33,MAE_FBF,Arachnida,Ground,Lycosidae,NA,0.009639679,0.245833868,30.09983125,3.550349687,0.139216904,14.44206899,0.117952478,0.431944444,0.724353192,0.168271254
Lycosidae,NO,Lyco,FBF,PAIR,SAN_PAIR,36,SAN_FBF,Arachnida,Ground,Lycosidae,NA,0.00811256,0.228422477,8.151068512,2.065058104,0.073341767,9.040520583,0.253348147,0.155882353,0.192592363,-0.228863127
Lycosidae,NO,Lyco,FOR,FOR,AKE_FOR,1,AKE_FOR,Arachnida,Ground,Lycosidae,NA,0.00624658,0.242812885,10.27631114,2.357259295,0.060642621,9.708130996,0.229387692,0.207834758,0.713646671,-1.554220999
Lycosidae,NO,Lyco,FOR,FOR,ALN_FOR,5,ALN_FOR,Arachnida,Ground,Lycosidae,NA,0.002291111,0.14729437,9.672095322,2.082344754,0.032390131,14.13730035,0.215294069,0.455555556,0.579851591,-0.668275741
Lycosidae,NO,Lyco,FOR,FOR,HMI_FOR,24,HMI_FOR,Arachnida,Ground,Lycosidae,NA,0.020500246,0.393023307,5.935451523,3.483445268,0.181697833,8.863202778,0.586887999,0.23938172,0.513117856,-0.474661194
Lycosidae,NO,Lyco,FOR,FOR,HSK_FOR,20,HSK_FOR,Arachnida,Ground,Lycosidae,NA,0.02487045,0.179600147,2.054585628,0.61926511,0.085753837,3.448021172,0.301406328,0.235740741,0.437613336,-0.940741294
Lycosidae,NO,Lyco,FOR,FOR,MAE_FOR,31,MAE_FOR,Arachnida,Ground,Lycosidae,NA,0.01514859,0.225917331,8.786642133,2.206369739,0.147945227,9.766270399,0.251104996,0,0.340559528,0.145618966
Lycosidae,NO,Lyco,FOR,FOR,FRO_FOR,13,FRO_FOR2,Arachnida,Ground,Lycosidae,NA,0.008156831,0.379558266,10.2333716,3.762633072,0.080860213,9.913189637,0.367682639,0.023611111,0.56646764,-0.75413886
Lycosidae,NO,Lyco,UBF,PAIR,AKE_PAIR,2,AKE_UBF,Arachnida,Ground,Lycosidae,NA,0.00317995,0.184911402,13.50201664,4.328854779,0.074443995,23.41042641,0.320608017,0.913762626,-0.151656234,-1.295406425
Lycosidae,NO,Lyco,UBF,PAIR,HMI_PAIR,25,HMI_UBF,Arachnida,Ground,Lycosidae,NA,0.019179075,0.375552871,13.8806299,3.290328995,0.168033511,8.76129368,0.237044646,0.750130208,0.329945952,-0.334891603
Lycosidae,NO,Lyco,UBF,PAIR,HSK_PAIR,21,HSK_UBF,Arachnida,Ground,Lycosidae,NA,0.026614385,0.215684235,7.553955552,1.443444415,0.178114015,6.692396475,0.191084579,0.752822581,0.230552574,-0.529001972
Lycosidae,NO,Lyco,UBF,PAIR,MAE_PAIR,32,MAE_UBF,Arachnida,Ground,Lycosidae,NA,0.009596007,0.138991086,5.519767554,1.553345989,0.107243703,11.17586771,0.281415109,0.806691919,0.275556,0.130885178
Lycosidae,NO,Lyco,UBF,PAIR,SAN_PAIR,35,SAN_UBF,Arachnida,Ground,Lycosidae,NA,0.00459587,0.165903504,4.937039775,1.559061079,0.043189217,9.397396918,0.315788641,0.393504902,-0.349608593,-0.241922354
Lycosidae,RO,Lyco,UBF,PAIR,POA_PAIR,23,POA_UBF,Arachnida,Ground,Lycosidae,NA,0.060471434,0.411718951,7.710761952,3.879118938,0.569747597,9.421764349,0.503078549,0.827361111,-0.766247345,0.493372607
Lycosidae,RO,Lyco,UBF,PAIR,POT_PAIR,19,POT_UBF,Arachnida,Ground,Lycosidae,NA,0.030655301,0.494584377,11.27538531,5.257726946,0.32588414,10.6305965,0.46630131,0.935416667,-0.993098776,0.650016217
Lycosidae,SE,Lyco,FBF,PAIR,ALO_PAIR,C0379,ALO_FBF,Arachnida,Ground,Lycosidae,NA,0.043038168,0.339622968,7.156178876,3.884634795,0.492274028,11.43808036,0.542836458,1.680679012,0.724244213,-0.261060359
Lycosidae,SE,Lyco,FBF,PAIR,BUR_PAIR,C0369,BUR_FBF,Arachnida,Ground,Lycosidae,NA,0.046902392,0.34859756,7.545350395,3.38351931,0.455238842,9.706090048,0.448424411,0.389525794,0.847247993,-0.38928664
Lycosidae,SE,Lyco,FBF,PAIR,JUM_PAIR,C0365,JUM_FBF,Arachnida,Ground,Lycosidae,NA,0.038787987,0.217209825,2.842649243,1.405121776,0.250917958,6.468960497,0.49430009,1.044130342,0.482155003,-0.7584833
Lycosidae,SE,Lyco,FBF,PAIR,NAR_PAIR,C0375,NAR_FBF,Arachnida,Ground,Lycosidae,NA,0.01085508,0.211826845,6.238569779,2.637987976,0.135183861,12.45351117,0.422851402,0.757727183,0.797823487,-0.432799748
Lycosidae,SE,Lyco,FBF,PAIR,ORS_PAIR,C0361,ORS_FBF,Arachnida,Ground,Lycosidae,NA,0.049442966,0.278972005,5.500684932,3.297939669,0.584502804,11.82175849,0.59955073,0.777156085,0.524192165,-0.392015317
Lycosidae,SE,Lyco,FBF,PAIR,SKA_PAIR,C0371,SKA_FBF,Arachnida,Ground,Lycosidae,NA,0.023230845,0.318019587,5.319692944,3.058311259,0.223404968,9.616738668,0.574903719,0.919792659,0.976079032,-0.359094805
Lycosidae,SE,Lyco,FOR,FOR,DAL_FOR,C0355,DAL_FOR,Arachnida,Ground,Lycosidae,NA,0.001352016,0.220802601,1.227933606,4.138008777,0.025337802,18.74076098,3.369896188,0.146974359,0.816645422,-1.232470567
Lycosidae,SE,Lyco,FOR,FOR,FIB_FOR,C0358,FIB_FOR,Arachnida,Ground,Lycosidae,NA,0.022040728,0.209330304,2.764263026,2.48253993,0.261390665,11.85943881,0.898083832,0.15105698,0.790625614,-1.291644448
Lycosidae,SE,Lyco,FOR,FOR,GRA_FOR,C0356,GRA_FOR,Arachnida,Ground,Lycosidae,NA,0.024493706,0.121541584,0.784986318,2.489963789,0.501790744,20.48651747,3.17198368,0.243426282,0.687810372,-1.409774173
Lycosidae,SE,Lyco,FOR,FOR,LAF_FOR,C0357,LAF_FOR,Arachnida,Ground,Lycosidae,NA,0.001897164,0.134966642,1.10286171,1.136114922,0.015969843,8.417746097,1.030151751,0.242150463,0.888661933,-0.602791284
Lycosidae,SE,Lyco,FOR,FOR,LAF_FOR,C0357,LAF_FOR,Arachnida,Ground,Lycosidae,NA,0.001897164,0.134966642,1.10286171,1.136114922,0.015969843,8.417746097,1.030151751,0.242150463,0.888661933,-0.602791284
Lycosidae,SE,Lyco,FOR,FOR,OVE_FOR,C0359,OVE_FOR,Arachnida,Ground,Lycosidae,NA,0.003648094,0.15166551,1.141338325,2.561551544,0.061614409,16.88947962,2.244340252,0.248784722,0.948596033,-0.772665362
Lycosidae,SE,Lyco,UBF,PAIR,ALO_PAIR,C0378,ALO_UBF,Arachnida,Ground,Lycosidae,NA,0.018707313,0.193264979,7.769461541,3.266906564,0.316224097,16.90376902,0.420480434,0.589711934,0.360562405,-0.232031731
Lycosidae,SE,Lyco,UBF,PAIR,BUR_PAIR,C0368,BUR_UBF,Arachnida,Ground,Lycosidae,NA,0.014902934,0.238881809,9.315032473,1.449003789,0.090397876,6.065777035,0.15555542,0.770521825,0.138052584,-0.392930297
Lycosidae,SE,Lyco,UBF,PAIR,BUR_PAIR,C0368,BUR_UBF,Arachnida,Ground,Lycosidae,NA,0.014902934,0.238881809,9.315032473,1.449003789,0.090397876,6.065777035,0.15555542,0.770521825,0.138052584,-0.392930297
Lycosidae,SE,Lyco,UBF,PAIR,HAG_PAIR,C0372,HAG_UBF,Arachnida,Ground,Lycosidae,NA,0.020997234,0.128025726,2.793902304,0.918601177,0.150657877,7.175129606,0.328787866,1.130772634,-0.190684749,-0.210887416
Lycosidae,SE,Lyco,UBF,PAIR,JUM_PAIR,C0364,JUM_UBF,Arachnida,Ground,Lycosidae,NA,0.012257504,0.159775064,5.241637965,1.897929168,0.14560391,11.87875705,0.362087039,1.147726852,0.093721262,-0.828688721
Lycosidae,SE,Lyco,UBF,PAIR,LAN_PAIR,C0376,LAN_UBF,Arachnida,Ground,Lycosidae,NA,0.004175152,0.325468765,8.011878932,4.107006402,0.052685168,12.61874207,0.512614636,0.359780983,0.463900274,-1.058959646
Lycosidae,BE,Lyco,UBF,PAIR,MOL_PAIR,24,MOL_UBF,Arachnida,Ground,Lycosidae,NA,0.012551327,0.082832975,2.011260916,0.885469249,0.134171372,10.68981582,0.440255783,0.023194444,-0.898796159,0.479865666
Lycosidae,BE,Lyco,UBF,PAIR,ROO_PAIR,27,ROO_UBF,Arachnida,Ground,Lycosidae,NA,0.033333465,0.189066562,4.560452511,1.505321516,0.265396385,7.96186011,0.330081612,0.017083333,-1.031147484,0.855354748
Lycosidae,BE,Lyco,UBF,PAIR,SLI_PAIR,26,SLI_UBF,Arachnida,Ground,Lycosidae,NA,0.034500422,0.092952121,1.824048935,0.494167844,0.183416999,5.316369738,0.270918085,0.022222222,-0.676931413,0.489382763
Lycosidae,BE,Lyco,UBF,PAIR,ZIJ_PAIR,30,ZIJ_UBF,Arachnida,Ground,Lycosidae,NA,0.26756583,0.138611495,4.925266316,0.892279922,1.722394074,6.437272169,0.181163792,0.010740741,-1.037044149,0.726446402
Lycosidae,RO,Lyco,FBF,PAIR,BUG_PAIR,16,BUG_FBF,Arachnida,Ground,Lycosidae,NA,0.036492033,0.369638959,7.74504632,3.330549732,0.328803356,9.010277858,0.430023217,NA,-0.11170479,0.808780193
Lycosidae,RO,Lyco,FBF,PAIR,POA_PAIR,24,POA_FBF,Arachnida,Ground,Lycosidae,NA,0.007627464,0.144108828,6.011664236,2.214035173,0.117185561,15.36363323,0.368289892,1.2125,-0.64020104,0.624443798
Lycosidae,RO,Lyco,FBF,PAIR,POT_PAIR,20,POT_FBF,Arachnida,Ground,Lycosidae,NA,0.004857317,0.221112272,6.129309389,3.589746039,0.078858285,16.23494712,0.585668925,1.074861111,-0.079089544,0.619525434
Lycosidae,RO,Lyco,FBF,PAIR,SLA_PAIR,14,SLA_FBF,Arachnida,Ground,Lycosidae,NA,0.008085271,0.351754685,9.883562849,4.702576046,0.108091251,13.36890805,0.475797657,1.210344828,-0.243405265,0.595818484
Lycosidae,RO,Lyco,FBF,PAIR,STR_PAIR,22,STR_FBF,Arachnida,Ground,Lycosidae,NA,0.015836183,0.346125497,7.308592161,3.419011048,0.156429056,9.877952014,0.467807065,1.725416667,-0.071713189,0.643292875
Lycosidae,RO,Lyco,FOR,FOR,ARG_FOR,1,ARG_FOR,Arachnida,Ground,Lycosidae,NA,0.006496657,0.383391223,10.15127984,4.373684142,0.074113141,11.40788802,0.430850515,1.086424731,0.026433609,0.184594377
Lycosidae,RO,Lyco,FOR,FOR,BRA_FOR,5,BRA_FOR,Arachnida,Ground,Lycosidae,NA,0.005976144,0.312706191,8.71950869,3.96777505,0.075828354,12.68850815,0.455045713,1.073706897,-0.27700502,0.085572514
Lycosidae,RO,Lyco,FOR,FOR,BRI_FOR,4,BRI_FOR,Arachnida,Ground,Lycosidae,NA,0.006219338,0.24281227,8.240493704,2.979644347,0.076319926,12.27139117,0.361585659,1.121639785,-0.216493502,0.198329384
Lycosidae,RO,Lyco,FOR,FOR,BUG_FOR,3,BUG_FOR,Arachnida,Ground,Lycosidae,NA,0.016577144,1.040013819,12.76984526,7.672925871,0.122301452,7.377715307,0.60086287,NA,-0.100426165,0.064414294
Lycosidae,RO,Lyco,FOR,FOR,TAR_FOR,2,TAR_FOR,Arachnida,Ground,Lycosidae,NA,0.003381597,0.288374631,6.667610034,3.607291998,0.042300563,12.50904763,0.541017243,1.227083333,-0.095274479,-0.012460898
Lycosidae,RO,Lyco,FOR,FOR,VLA_FOR,6,VLA_FOR,Arachnida,Ground,Lycosidae,NA,0.013396167,0.327681058,14.34514596,4.370577633,0.178676756,13.33790137,0.304672929,0.446875,0.292336968,0.277212364
Lycosidae,RO,Lyco,UBF,PAIR,ALB_PAIR,25,ALB_UBF,Arachnida,Ground,Lycosidae,NA,0.001875157,0.108829579,5.850737822,2.217921434,0.038215271,20.37976668,0.379084058,NA,-0.73513307,0.790178328
Lycosidae,RO,Lyco,UBF,PAIR,ARG_PAIR,7,ARG_UBF,Arachnida,Ground,Lycosidae,NA,0.001434928,0.087249512,5.77807335,1.631059274,0.026824824,18.69419362,0.28228428,NA,-0.546623778,0.854449571
Lycosidae,RO,Lyco,UBF,PAIR,BRA_PAIR,11,BRA_UBF,Arachnida,Ground,Lycosidae,NA,0.016042946,0.586817277,12.34323079,6.201973658,0.169555215,10.56883275,0.502459507,0.955172414,-0.937018071,0.201375035
Lycosidae,RO,Lyco,UBF,PAIR,BRI_PAIR,9,BRI_UBF,Arachnida,Ground,Lycosidae,NA,0.011817424,0.436742029,10.98431708,4.229404039,0.114439778,9.683986792,0.385040236,NA,-0.669199773,0.221365557
Lycosidae,RO,Lyco,UBF,PAIR,COB_PAIR,17,COB_UBF,Arachnida,Ground,Lycosidae,NA,0.00089767,0.12217565,6.414885495,2.394529282,0.017593503,19.59907141,0.373277011,0.222916667,-1.058605469,0.298784423
Lycosidae,RO,Lyco,FBF,PAIR,ARG_PAIR,8,ARG_FBF,Arachnida,Ground,Lycosidae,NA,0.005273419,0.276261225,6.667894285,3.336555007,0.063689905,12.07753643,0.500391108,0.203360215,-0.302497835,0.960952475
Lycosidae,RO,Lyco,FBF,PAIR,BRA_PAIR,12,BRA_FBF,Arachnida,Ground,Lycosidae,NA,0.021923467,0.675407348,13.40429511,6.071122631,0.197066344,8.988831189,0.452923677,0.536015326,-0.469363342,0.234117903
Lycosidae,RO,Lyco,FBF,PAIR,BRI_PAIR,10,BRI_FBF,Arachnida,Ground,Lycosidae,NA,0.001751276,0.145899569,7.758187914,2.595300521,0.031152168,17.78826724,0.33452406,0.594086022,-0.452666215,0.157254934
Lycosidae,RO,Lyco,FBF,PAIR,ALB_PAIR,26,ALB_FBF,Arachnida,Ground,Lycosidae,NA,0.00456031,0.302461573,10.21059129,3.813840949,0.057502499,12.60934045,0.373518128,0.058194444,-0.517135688,0.682524982
Lycosidae,SE,Lyco,UBF,PAIR,SKA_PAIR,C0370,SKA_UBF,Arachnida,Ground,Lycosidae,NA,0.014559885,0.173934541,8.144598566,2.329891839,0.19503289,13.39522231,0.28606589,0.709101649,-0.263608506,-0.406033884
Lycosidae,SE,Lyco,UBF,PAIR,LIS_PAIR,C0366,LIS_UBF,Arachnida,Ground,Lycosidae,NA,0.019632456,0.198635954,7.440480772,2.191687205,0.216618406,11.03368832,0.294562579,1.763607253,-0.391968233,-0.014876123
Lycosidae,SE,Lyco,UBF,PAIR,NAR_PAIR,C0374,NAR_UBF,Arachnida,Ground,Lycosidae,NA,0.008606316,0.232220661,8.94180401,2.442530953,0.090522495,10.51814659,0.273158632,0.248784722,0.45443682,-0.466137372
Lycosidae,SE,Lyco,UBF,PAIR,TEM_PAIR,C0362,TEM_UBF,Arachnida,Ground,Lycosidae,NA,0.036226852,0.265024146,6.064552567,2.996088449,0.409543261,11.30496408,0.494032893,0.353985119,0.219408874,-0.173362182
Lycosidae,SE,Lyco,UBF,PAIR,ORS_PAIR,C0360,ORS_UBF,Arachnida,Ground,Lycosidae,NA,0.026975851,0.196199464,4.955236053,2.374527695,0.326478492,12.10262071,0.479195677,0.794689484,0.364957309,-0.351383392
Opiliones,SE,OP,FBF,PAIR,LAN_PAIR,C0377,LAN_FBF,Arachnida,Ground,Opiliones,NA,0.0003408,0.051548059,0.789292317,0.779075357,0.005150698,15.11357298,0.987055544,0.341409188,0.804361738,-1.024805776
Opiliones,SE,OP,FOR,FOR,GRA_FOR,C0356,GRA_FOR,Arachnida,Ground,Opiliones,NA,0.003307591,0.10018142,1.968378959,1.403742969,0.046345991,14.01200908,0.713146705,0.243426282,0.687810372,-1.409774173
Opiliones,SE,OP,FOR,FOR,LAF_FOR,C0357,LAF_FOR,Arachnida,Ground,Opiliones,NA,0.000985864,0.084452482,1.222982038,1.201476413,0.014025551,14.22665605,0.98241542,0.242150463,0.888661933,-0.602791284
Opiliones,SE,OP,UBF,PAIR,BUR_PAIR,C0368,BUR_UBF,Arachnida,Ground,Opiliones,NA,0.006440119,0.213497944,5.984786729,2.098079155,0.063288104,9.827163275,0.350568742,0.770521825,0.138052584,-0.392930297
Opiliones,SE,OP,UBF,PAIR,HAG_PAIR,C0372,HAG_UBF,Arachnida,Ground,Opiliones,NA,0.021326301,0.112764966,3.309280724,1.031613521,0.195100491,9.148351274,0.311733457,1.130772634,-0.190684749,-0.210887416
Opiliones,SE,OP,FOR,FOR,OVE_FOR,C0359,OVE_FOR,Arachnida,Ground,Opiliones,NA,0.002025137,0.061899702,1.521946339,1.053956158,0.03448168,17.02683743,0.692505465,0.248784722,0.948596033,-0.772665362
Opiliones,SE,OP,UBF,PAIR,ALO_PAIR,C0378,ALO_UBF,Arachnida,Ground,Opiliones,NA,0.003679893,0.062213674,1.794127279,0.898566619,0.053149555,14.4432336,0.500837722,0.589711934,0.360562405,-0.232031731
Opiliones,SE,OP,UBF,PAIR,SKA_PAIR,C0370,SKA_UBF,Arachnida,Ground,Opiliones,NA,0.002217672,0.067693714,3.894701151,1.071208325,0.035093199,15.82433964,0.275042496,0.709101649,-0.263608506,-0.406033884
Opiliones,NO,OP,FOR,FOR,AKE_FOR,1,AKE_FOR,Arachnida,Ground,Opiliones,NA,0.006184969,0.158114658,6.360486215,1.897175952,0.074211808,11.99873544,0.298275303,0.207834758,0.713646671,-1.554220999
Opiliones,NO,OP,UBF,PAIR,AKE_PAIR,2,AKE_UBF,Arachnida,Ground,Opiliones,NA,0.002222878,0.072343681,4.16129189,1.321378764,0.040601532,18.26529611,0.317540514,0.913762626,-0.151656234,-1.295406425
Opiliones,SE,OP,FBF,PAIR,ORS_PAIR,C0361,ORS_FBF,Arachnida,Ground,Opiliones,NA,0.002400522,0.132082464,2.875180532,1.847994913,0.033586239,13.99122073,0.642740479,0.777156085,0.524192165,-0.392015317
Opiliones,SE,OP,FOR,FOR,DAL_FOR,C0355,DAL_FOR,Arachnida,Ground,Opiliones,NA,0.001835037,0.042139672,0.677199141,0.451557738,0.019663783,10.7157393,0.666801995,0.146974359,0.816645422,-1.232470567
Opiliones,RO,OP,FBF,PAIR,BRA_PAIR,12,BRA_FBF,Arachnida,Ground,Opiliones,NA,0.002253092,0.088124468,3.453182566,0.938131099,0.023985342,10.64552354,0.271671445,0.536015326,-0.469363342,0.234117903
Opiliones,RO,OP,FBF,PAIR,BUG_PAIR,16,BUG_FBF,Arachnida,Ground,Opiliones,NA,0.002998005,0.049848489,1.940080241,0.63367362,0.038110621,12.71199244,0.326622377,NA,-0.11170479,0.808780193
Opiliones,RO,OP,FOR,FOR,ARG_FOR,1,ARG_FOR,Arachnida,Ground,Opiliones,NA,0.002378572,0.069812165,2.045672222,0.530967072,0.018090592,7.605652528,0.25955628,1.086424731,0.026433609,0.184594377
Opiliones,RO,OP,FOR,FOR,BRA_FOR,5,BRA_FOR,Arachnida,Ground,Opiliones,NA,0.00532938,0.084072844,2.382596608,0.87546284,0.055495614,10.41314653,0.367440647,1.073706897,-0.27700502,0.085572514
Opiliones,RO,OP,FOR,FOR,BRI_FOR,4,BRI_FOR,Arachnida,Ground,Opiliones,NA,0.003054684,0.072286752,2.574530663,0.837972158,0.035410916,11.59233383,0.325485406,1.121639785,-0.216493502,0.198329384
Opiliones,RO,OP,FOR,FOR,TAR_FOR,2,TAR_FOR,Arachnida,Ground,Opiliones,NA,0.002295063,0.0813798,1.411441214,1.003650534,0.028304822,12.33291971,0.711082066,1.227083333,-0.095274479,-0.012460898
Opiliones,SE,OP,UBF,PAIR,LAN_PAIR,C0376,LAN_UBF,Arachnida,Ground,Opiliones,NA,0.004267398,0.045686789,2.211491296,0.527335351,0.049256028,11.5424034,0.238452375,0.359780983,0.463900274,-1.058959646
Opiliones,SE,OP,UBF,PAIR,ORS_PAIR,C0360,ORS_UBF,Arachnida,Ground,Opiliones,NA,0.003533685,0.030733344,0.802958913,0.459633106,0.052848096,14.95551893,0.572424192,0.794689484,0.364957309,-0.351383392
Opiliones,SE,OP,FBF,PAIR,ALO_PAIR,C0379,ALO_FBF,Arachnida,Ground,Opiliones,NA,0.00558165,0.029757099,1.243312196,0.400347067,0.075094593,13.45383406,0.322000434,1.680679012,0.724244213,-0.261060359
Opiliones,SE,OP,FBF,PAIR,HAG_PAIR,C0373,HAG_FBF,Arachnida,Ground,Opiliones,NA,0.001314494,0.185073878,4.315139605,2.757246397,0.019583439,14.89808519,0.638970381,0.877196502,0.76680004,-0.22663997
Opiliones,SE,OP,FBF,PAIR,JUM_PAIR,C0365,JUM_FBF,Arachnida,Ground,Opiliones,NA,0.010026193,0.139611736,5.171388087,1.109554653,0.079682475,7.947431124,0.214556447,1.044130342,0.482155003,-0.7584833
Pisauridae,SE,Pisa,FBF,PAIR,SKA_PAIR,C0371,SKA_FBF,Arachnida,Ground,Pisauridae,NA,0.003580528,0.154425727,4.19469094,2.306572071,0.05348038,14.93644951,0.549878907,0.919792659,0.976079032,-0.359094805
Pisauridae,SE,Pisa,FBF,PAIR,TEM_PAIR,C0363,TEM_FBF,Arachnida,Ground,Pisauridae,NA,0.008690548,0.075651767,3.337517879,1.211747788,0.139200343,16.01744187,0.363068553,0.230303571,0.841632593,-0.481196885
Pisauridae,NO,Pisa,FBF,PAIR,MAE_PAIR,33,MAE_FBF,Arachnida,Ground,Pisauridae,NA,0.020164156,0.055590552,4.099366977,0.670881629,0.243346422,12.06826704,0.163654933,0.431944444,0.724353192,0.168271254
Pisauridae,SE,Pisa,UBF,PAIR,HAG_PAIR,C0372,HAG_UBF,Arachnida,Ground,Pisauridae,NA,0.004974104,0.180736076,8.199434772,2.081489808,0.057285443,11.51673672,0.253857719,1.130772634,-0.190684749,-0.210887416
Pisauridae,SE,Pisa,UBF,PAIR,JUM_PAIR,C0364,JUM_UBF,Arachnida,Ground,Pisauridae,NA,0.005838784,0.333030759,11.19957364,4.2422299,0.074375908,12.7382525,0.378784946,1.147726852,0.093721262,-0.828688721
Pisauridae,SE,Pisa,UBF,PAIR,LIS_PAIR,C0366,LIS_UBF,Arachnida,Ground,Pisauridae,NA,0.040222443,0.288330966,11.06483031,1.672152471,0.233266854,5.799420352,0.151123192,1.763607253,-0.391968233,-0.014876123
Pisauridae,SE,Pisa,UBF,PAIR,BUR_PAIR,C0368,BUR_UBF,Arachnida,Ground,Pisauridae,NA,0.280091688,0.511472309,11.10275345,4.207703577,2.304216232,8.226649821,0.378978385,0.770521825,0.138052584,-0.392930297
Pisauridae,BE,Pisa,FOR,FOR,DOR_LDS,1,DOR_LDS,Arachnida,Ground,Pisauridae,NA,0.008700939,0.018570182,2.059180405,0.204142919,0.095649847,10.99304891,0.099137948,0.029861111,-0.145447286,0.309111316
Pisauridae,BE,Pisa,UBF,PAIR,BOE_PAIR,29,BOE_UBF,Arachnida,Ground,Pisauridae,NA,0.006099737,0.048145359,1.938519304,0.536752441,0.06800341,11.14858121,0.27688785,0.191527778,-0.683646593,0.714299302
Pisauridae,BE,Pisa,UBF,PAIR,MOL_PAIR,24,MOL_UBF,Arachnida,Ground,Pisauridae,NA,0.007187311,0.101222293,3.801549919,1.489560451,0.105766563,14.71573507,0.391829776,0.023194444,-0.898796159,0.479865666
Pisauridae,BE,Pisa,UBF,PAIR,ROO_PAIR,27,ROO_UBF,Arachnida,Ground,Pisauridae,NA,0.01203267,0.068218319,2.555750504,0.720338116,0.127056649,10.55930617,0.281849936,0.017083333,-1.031147484,0.855354748
Pisauridae,BE,Pisa,UBF,PAIR,VAA_PAIR,25,VAA_UBF,Arachnida,Ground,Pisauridae,NA,0.007821499,0.068497901,4.012992143,0.777250874,0.088751137,11.34707577,0.193683627,0.017083333,-0.312130141,0.928076263
Pisauridae,BE,Pisa,UBF,PAIR,ZIJ_PAIR,30,ZIJ_UBF,Arachnida,Ground,Pisauridae,NA,0.010347452,0.108638157,3.60849089,1.105718696,0.105316324,10.17799569,0.306421363,0.010740741,-1.037044149,0.726446402
Pisauridae,SE,Pisa,UBF,PAIR,NAR_PAIR,C0374,NAR_UBF,Arachnida,Ground,Pisauridae,NA,0.007552891,0.207557728,9.380254868,1.480263881,0.053865841,7.131817727,0.15780636,0.248784722,0.45443682,-0.466137372
Pisauridae,SE,Pisa,UBF,PAIR,NAR_PAIR,C0374,NAR_UBF,Arachnida,Ground,Pisauridae,NA,0.007552891,0.207557728,9.380254868,1.480263881,0.053865841,7.131817727,0.15780636,0.248784722,0.45443682,-0.466137372
Pisauridae,SE,Pisa,UBF,PAIR,LIS_PAIR,C0366,LIS_UBF,Arachnida,Ground,Pisauridae,NA,0.040222443,0.288330966,11.06483031,1.672152471,0.233266854,5.799420352,0.151123192,1.763607253,-0.391968233,-0.014876123
Pisauridae,BE,Pisa,FBF,PAIR,MOL_PAIR,3,MOL_FBF,Arachnida,Ground,Pisauridae,NA,0.00235327,0.039374317,2.220221247,0.404570103,0.024179793,10.27497448,0.182220625,0.032222222,-0.117135283,0.423125486
Pisauridae,SE,Pisa,UBF,PAIR,TEM_PAIR,C0362,TEM_UBF,Arachnida,Ground,Pisauridae,NA,0.003210753,0.101602535,6.142671784,0.914676016,0.02890478,9.002492107,0.14890524,0.353985119,0.219408874,-0.173362182
Pisauridae,SE,Pisa,FOR,FOR,GRA_FOR,C0356,GRA_FOR,Arachnida,Ground,Pisauridae,NA,0.002894871,0.097998769,2.372471677,1.63028023,0.048158271,16.63572153,0.687165307,0.243426282,0.687810372,-1.409774173
Pisauridae,SE,Pisa,UBF,PAIR,TEM_PAIR,C0362,TEM_UBF,Arachnida,Ground,Pisauridae,NA,0.003210753,0.101602535,6.142671784,0.914676016,0.02890478,9.002492107,0.14890524,0.353985119,0.219408874,-0.173362182
Tetragnathidae,NO,Tetr,UBF,PAIR,HSK_PAIR,21,HSK_UBF,Arachnida,Web,Tetragnathidae,NA,0.041804823,0.264377622,4.65647453,1.209278056,0.191217602,4.574056024,0.2596982,0.752822581,0.230552574,-0.529001972
Tetragnathidae,NO,Tetr,UBF,PAIR,SAN_PAIR,35,SAN_UBF,Arachnida,Web,Tetragnathidae,NA,0.024067454,0.233460701,5.937492125,1.160346296,0.119620051,4.970199663,0.195427004,0.393504902,-0.349608593,-0.241922354
Tetragnathidae,NO,Tetr,FOR,FOR,HSK_FOR,20,HSK_FOR,Arachnida,Web,Tetragnathidae,NA,0.01458177,0.283737031,12.36570449,4.62856559,0.237870535,16.31287101,0.374306664,0.235740741,0.437613336,-0.940741294
Tetragnathidae,NO,Tetr,FOR,FOR,FRO_FOR,13,FRO_FOR2,Arachnida,Web,Tetragnathidae,NA,0.006165787,0.316658663,4.109342599,2.969364542,0.057817681,9.377177664,0.722588704,0.023611111,0.56646764,-0.75413886
Tetragnathidae,NO,Tetr,UBF,PAIR,GAU_PAIR,18,GAU_UBF,Arachnida,Web,Tetragnathidae,NA,0.008217231,0.170465591,6.77949636,1.956747052,0.094324271,11.47883887,0.2886272,0.698194444,-0.34740255,0.239693028
Tetragnathidae,NO,Tetr,UBF,PAIR,HMI_PAIR,25,HMI_UBF,Arachnida,Web,Tetragnathidae,NA,0.004533984,0.165205691,8.483715474,1.629027921,0.044707826,9.860604155,0.192018217,0.750130208,0.329945952,-0.334891603
Tetragnathidae,BE,Tetr,FBF,PAIR,BOE_PAIR,8,BOE_FBF,Arachnida,Web,Tetragnathidae,NA,0.02502371,0.069700367,1.162290646,0.272157572,0.097709558,3.904679189,0.234156209,0.017777778,-0.086739833,0.514379273
Tetragnathidae,BE,Tetr,FBF,PAIR,MOL_PAIR,3,MOL_FBF,Arachnida,Web,Tetragnathidae,NA,0.01312212,0.079612844,3.514025239,0.626996132,0.10334411,7.875565029,0.178426758,0.032222222,-0.117135283,0.423125486
Tetragnathidae,BE,Tetr,FBF,PAIR,MOZ_PAIR,10,MOZ_FBF,Arachnida,Web,Tetragnathidae,NA,0.027509873,0.037948138,0.600437527,0.228535103,0.16567273,6.022300784,0.38061429,0.021388889,-0.068125086,0.538674046
Tetragnathidae,NO,Tetr,FOR,FOR,HMI_FOR,24,HMI_FOR,Arachnida,Web,Tetragnathidae,NA,0.009187867,0.130994966,6.126393505,1.366287787,0.095830179,10.43007857,0.223016655,0.23938172,0.513117856,-0.474661194
Tetragnathidae,BE,Tetr,UBF,PAIR,BOE_PAIR,29,BOE_UBF,Arachnida,Web,Tetragnathidae,NA,0.005781006,0.103513372,3.66474163,0.885987091,0.049480531,8.559155906,0.241759769,0.191527778,-0.683646593,0.714299302
Tetragnathidae,BE,Tetr,UBF,PAIR,MOL_PAIR,24,MOL_UBF,Arachnida,Web,Tetragnathidae,NA,0.010877572,0.084016221,2.68936104,0.803392814,0.10401519,9.562353634,0.298729996,0.023194444,-0.898796159,0.479865666
Tetragnathidae,BE,Tetr,UBF,PAIR,MOZ_PAIR,31,MOZ_UBF,Arachnida,Web,Tetragnathidae,NA,0.022917275,0.129677635,3.832001851,1.145264031,0.20239674,8.831623342,0.29886834,0.443333333,-0.789196634,0.544535481
Tetragnathidae,NO,Tetr,UBF,PAIR,HMA_PAIR,28,HMA_UBF,Arachnida,Web,Tetragnathidae,NA,0.028075832,0.103274027,2.348182531,0.568422174,0.154529905,5.5040187,0.24206899,0.446527778,0.331578951,0.229040131
Tetragnathidae,BE,Tetr,UBF,PAIR,VAA_PAIR,25,VAA_UBF,Arachnida,Web,Tetragnathidae,NA,0.004666085,0.072692904,2.985184202,0.692795937,0.044469879,9.530447999,0.23207812,0.017083333,-0.312130141,0.928076263
Tetragnathidae,NO,Tetr,FBF,PAIR,ALN_PAIR,7,ALN_FBF,Arachnida,Web,Tetragnathidae,NA,0.009453807,0.161833354,5.741856102,1.347154861,0.078696649,8.324333839,0.234620102,0.390994624,0.553384809,0.054618478
Tetragnathidae,NO,Tetr,FBF,PAIR,FRO_PAIR,15,FRO_FBF,Arachnida,Web,Tetragnathidae,NA,0.001259804,0.12928101,11.49174031,1.912816086,0.018639808,14.79580094,0.166451385,0.189722222,0.397632367,-0.374153707
Tetragnathidae,NO,Tetr,FBF,PAIR,GAU_PAIR,19,GAU_FBF,Arachnida,Web,Tetragnathidae,NA,0.013848197,0.10564001,2.504162289,0.817345814,0.107144687,7.737085748,0.326394906,0.083611111,0.516239829,0.281549618
Tetragnathidae,BE,Tetr,FBF,PAIR,SLI_PAIR,5,SLI_FBF,Arachnida,Web,Tetragnathidae,NA,0.003828652,0.052658703,1.290954738,0.600307062,0.043646475,11.39995922,0.465010154,0.008611111,0.186588335,1.186925008
Tetragnathidae,BE,Tetr,FBF,PAIR,WUR_PAIR,7,WUR_FBF,Arachnida,Web,Tetragnathidae,NA,0.018050561,0.075663272,2.220413382,0.686696464,0.163821313,9.075690841,0.309265144,0.057777778,-0.033408378,0.715621529
Tetragnathidae,BE,Tetr,FBF,PAIR,ZIJ_PAIR,9,ZIJ_FBF,Arachnida,Web,Tetragnathidae,NA,0.003397502,0.066882594,1.979041396,0.618208339,0.03140375,9.243187268,0.312377669,0.015555556,0.008492095,0.739899609
Tetragnathidae,BE,Tetr,FOR,FOR,DOR_LDS,1,DOR_LDS,Arachnida,Web,Tetragnathidae,NA,0.003751216,0.071090026,5.164214948,0.8355733,0.044090795,11.75373459,0.161800643,0.029861111,-0.145447286,0.309111316
Tetragnathidae,BE,Tetr,FOR,FOR,VAA_LDS,4,VAA_LDS,Arachnida,Web,Tetragnathidae,NA,0.010292582,0.080753867,1.611361686,0.491407977,0.062632997,6.085256262,0.304964417,0.031666667,-0.25921172,0.542406187
Tetragnathidae,RO,Tetr,FBF,PAIR,BRI_PAIR,10,BRI_FBF,Arachnida,Web,Tetragnathidae,NA,0.002702028,0.16044401,4.994472119,2.137108279,0.035990915,13.31996302,0.427894726,0.594086022,-0.452666215,0.157254934
Tetragnathidae,RO,Tetr,FBF,PAIR,BUG_PAIR,16,BUG_FBF,Arachnida,Web,Tetragnathidae,NA,0.004460732,0.336950245,3.948549067,5.017155179,0.066419848,14.8898992,1.270632603,NA,-0.11170479,0.808780193
Tetragnathidae,RO,Tetr,FBF,PAIR,POA_PAIR,24,POA_FBF,Arachnida,Web,Tetragnathidae,NA,0.018103353,0.379403685,7.257212766,4.475705116,0.213559521,11.7966833,0.616725079,1.2125,-0.64020104,0.624443798
Tetragnathidae,RO,Tetr,FBF,PAIR,POT_PAIR,20,POT_FBF,Arachnida,Web,Tetragnathidae,NA,0.007247353,0.409906995,8.386472015,5.941943908,0.105056433,14.49583439,0.708515321,1.074861111,-0.079089544,0.619525434
Tetragnathidae,RO,Tetr,FBF,PAIR,STR_PAIR,22,STR_FBF,Arachnida,Web,Tetragnathidae,NA,0.002236063,0.192496596,6.682290005,3.32774973,0.038655532,17.28731725,0.497995407,1.725416667,-0.071713189,0.643292875
Tetragnathidae,RO,Tetr,UBF,PAIR,ARG_PAIR,7,ARG_UBF,Arachnida,Web,Tetragnathidae,NA,0.012750957,0.242117451,7.040595445,2.106648908,0.110945283,8.700937926,0.299214594,NA,-0.546623778,0.854449571
Tetragnathidae,RO,Tetr,UBF,PAIR,COB_PAIR,17,COB_UBF,Arachnida,Web,Tetragnathidae,NA,0.003880605,0.473263143,6.63123017,6.622360517,0.054301215,13.99297751,0.998662442,0.222916667,-1.058605469,0.298784423
Tetragnathidae,RO,Tetr,UBF,PAIR,STR_PAIR,21,STR_UBF,Arachnida,Web,Tetragnathidae,NA,0.007239374,0.394136737,6.501656872,4.728350938,0.086848796,11.99672726,0.727253227,0.523472222,-0.946559717,0.505179978
Tetragnathidae,NO,Tetr,FBF,PAIR,HMI_PAIR,26,HMI_FBF,Arachnida,Web,Tetragnathidae,NA,0.007643682,0.141907347,5.511112718,1.763864465,0.09500861,12.42969089,0.320055959,0.504706101,0.51157106,-0.131497844
Tetragnathidae,NO,Tetr,FBF,PAIR,HOV_PAIR,9,HOV_FBF,Arachnida,Web,Tetragnathidae,NA,0.00484295,0.195799365,10.82218014,2.734370043,0.067632581,13.96516297,0.252663512,0.047777778,0.37945949,-0.459057008
Tetragnathidae,NO,Tetr,FBF,PAIR,SAN_PAIR,36,SAN_FBF,Arachnida,Web,Tetragnathidae,NA,0.012506178,0.177941169,6.830022452,1.338986569,0.094107532,7.524883524,0.196044241,0.155882353,0.192592363,-0.228863127
Tetragnathidae,NO,Tetr,FOR,FOR,AKE_FOR,1,AKE_FOR,Arachnida,Web,Tetragnathidae,NA,0.020901363,0.106882142,4.032750311,0.681857426,0.133340794,6.3795262,0.169080001,0.207834758,0.713646671,-1.554220999
Tetragnathidae,NO,Tetr,FOR,FOR,ALN_FOR,5,ALN_FOR,Arachnida,Web,Tetragnathidae,NA,0.004261227,0.095645114,2.058545468,0.515524627,0.022967901,5.389973461,0.250431499,0.455555556,0.579851591,-0.668275741
Tetragnathidae,SE,Tetr,UBF,PAIR,NAR_PAIR,C0374,NAR_UBF,Arachnida,Web,Tetragnathidae,NA,0.016078014,0.103303959,2.518936957,0.752104097,0.117055923,7.28049637,0.298579961,0.248784722,0.45443682,-0.466137372
Tetragnathidae,SE,Tetr,UBF,PAIR,ORS_PAIR,C0360,ORS_UBF,Arachnida,Web,Tetragnathidae,NA,0.001855156,0.077387368,3.635900097,1.391608634,0.033360116,17.98237442,0.382741164,0.794689484,0.364957309,-0.351383392
Tetragnathidae,SE,Tetr,UBF,PAIR,SKA_PAIR,C0370,SKA_UBF,Arachnida,Web,Tetragnathidae,NA,0.107382619,0.168966863,8.823923927,2.532975439,1.609768519,14.9909597,0.287057715,0.709101649,-0.263608506,-0.406033884
Tetragnathidae,SE,Tetr,FBF,PAIR,LIS_PAIR,C0367,LIS_FBF,Arachnida,Web,Tetragnathidae,NA,0.004919681,0.081090002,2.52237857,0.887909885,0.05386895,10.94968378,0.352012936,0.500886574,0.931074238,-0.008172792
Tetragnathidae,BE,Tetr,UBF,PAIR,ROO_PAIR,27,ROO_UBF,Arachnida,Web,Tetragnathidae,NA,0.021163476,0.103158258,1.475556219,0.34312567,0.070394093,3.326206516,0.232539882,0.017083333,-1.031147484,0.855354748
Tetragnathidae,NO,Tetr,FBF,PAIR,AKE_PAIR,3,AKE_FBF,Arachnida,Web,Tetragnathidae,NA,0.01106225,0.241262302,3.33402106,1.612461418,0.073933851,6.6834371,0.483638642,0.16969697,0.326343024,-1.210160765
Tetragnathidae,SE,Tetr,FBF,PAIR,TEM_PAIR,C0363,TEM_FBF,Arachnida,Web,Tetragnathidae,NA,0.003336051,0.107081996,3.675534701,1.533014255,0.047759797,14.31626519,0.417086051,0.230303571,0.841632593,-0.481196885
Tetragnathidae,SE,Tetr,FOR,FOR,FIB_FOR,C0358,FIB_FOR,Arachnida,Web,Tetragnathidae,NA,0.006451816,0.109255248,2.415847765,1.641819061,0.096953829,15.02737028,0.679603692,0.15105698,0.790625614,-1.291644448
Tetragnathidae,SE,Tetr,FOR,FOR,GRA_FOR,C0356,GRA_FOR,Arachnida,Web,Tetragnathidae,NA,0.005005497,0.101376767,1.91070855,1.910203026,0.094316635,18.84261136,0.999735426,0.243426282,0.687810372,-1.409774173
Tetragnathidae,SE,Tetr,FOR,FOR,LAF_FOR,C0357,LAF_FOR,Arachnida,Web,Tetragnathidae,NA,0.002306104,0.112351041,3.055655044,1.931880677,0.039653557,17.19504033,0.632231273,0.242150463,0.888661933,-0.602791284
Tetragnathidae,SE,Tetr,UBF,PAIR,ALO_PAIR,C0378,ALO_UBF,Arachnida,Web,Tetragnathidae,NA,0.031912767,0.081435165,0.651567894,0.350757327,0.137454585,4.307197346,0.538328132,0.589711934,0.360562405,-0.232031731
Tetragnathidae,SE,Tetr,UBF,PAIR,HAG_PAIR,C0372,HAG_UBF,Arachnida,Web,Tetragnathidae,NA,0.015347111,0.18407358,3.38947734,1.206929807,0.10062762,6.556779127,0.356081391,1.130772634,-0.190684749,-0.210887416
Tetragnathidae,RO,Tetr,FBF,PAIR,ALB_PAIR,26,ALB_FBF,Arachnida,Web,Tetragnathidae,NA,0.007622304,0.235188102,4.192510588,3.290126357,0.106631,13.98934017,0.784762802,0.058194444,-0.517135688,0.682524982
Tetragnathidae,RO,Tetr,FBF,PAIR,ARG_PAIR,8,ARG_FBF,Arachnida,Web,Tetragnathidae,NA,0.002162656,0.092948337,4.469090566,1.516626507,0.035287789,16.31687626,0.33935909,0.203360215,-0.302497835,0.960952475
Tetragnathidae,SE,Tetr,FBF,PAIR,BUR_PAIR,C0369,BUR_FBF,Arachnida,Web,Tetragnathidae,NA,0.004377634,0.104095522,4.811526627,1.485309293,0.062463207,14.26871464,0.308698134,0.389525794,0.847247993,-0.38928664
Tetragnathidae,SE,Tetr,FBF,PAIR,LAN_PAIR,C0377,LAN_FBF,Arachnida,Web,Tetragnathidae,NA,0.017615338,0.165154852,5.414549501,3.121775816,0.332967115,18.90211382,0.576553195,0.341409188,0.804361738,-1.024805776
Tetragnathidae,SE,Tetr,FBF,PAIR,ORS_PAIR,C0361,ORS_FBF,Arachnida,Web,Tetragnathidae,NA,0.008019387,0.208243597,5.190969685,2.711547998,0.10442075,13.02103897,0.522358666,0.777156085,0.524192165,-0.392015317
Tetragnathidae,SE,Tetr,FBF,PAIR,SKA_PAIR,C0371,SKA_FBF,Arachnida,Web,Tetragnathidae,NA,0.002729952,0.125129924,4.736861969,2.187394318,0.047722257,17.48098493,0.461781308,0.919792659,0.976079032,-0.359094805
Tetragnathidae,SE,Tetr,UBF,PAIR,LAN_PAIR,C0376,LAN_UBF,Arachnida,Web,Tetragnathidae,NA,0.008068305,0.218511028,4.897756895,2.830278664,0.104505253,12.95256667,0.577872427,0.359780983,0.463900274,-1.058959646
Tetragnathidae,SE,Tetr,UBF,PAIR,LIS_PAIR,C0366,LIS_UBF,Arachnida,Web,Tetragnathidae,NA,0.027631391,0.196259257,2.338036536,0.848089016,0.11940267,4.321268861,0.36273557,1.763607253,-0.391968233,-0.014876123
