"Site_no","Country","Taxa_code","Type_1","Type_2","Site_block","Site_name","Group","Genus_family","Mode","Lowest_level","FA1","FA2","FA3","FA4","FA5","FA6","FA7","FA8","FA9","FA10","FA11","FA12","FA13","FA14","FA15","FA16","FA17","FA18","FA19","FA20","FA21","FA22","FA23","FA24","FA25","FA26","FA27","FA28","FA29","FA30","FA31","FA32","FA33","FA34","FA35","FA36","FA37","EPA_perc","DHA_perc","LNA_perc","ALA_perc","Spider_body_size","chl_a_m2_day","Width","Riparian_PC1","Catchment_PC1","s3","cd1","cy2","dis3","dis4","life1","life2","wnb2","wnb3","wnb5","EPA_ALA_ratio","Tetragnathidae"
1,"BE","Tetr","FOR","FOR","DOR_LDS","DOR_LDS","Arachnida","Tetragnathidae","Web","Tetragnathidae",-12.847358401412,-13.1261521489257,-11.4385218220188,-13.1441633175749,-12.1078735765279,-8.38907003818498,-13.3713536374263,-10.9579788730883,-8.700269200791,-6.363512809842,-11.723396444555,-9.89856085982673,-11.0317144913438,-6.74499328009776,-5.73972210057028,-5.81770318019266,-10.0575439655124,-9.3898940142325,-13.0692749272672,-10.4428430971404,-9.67859459281418,-10.914254146555,-10.2791176153552,-12.3318402191302,-13.1379866539896,-11.1866721753287,-11.1135396563127,-11.5167574603553,-12.1283059470863,-16.589822704118,-10.2451163390785,-10.8706476296498,-11.0466767897295,-12.5180842127959,-13.1580997929595,-12.9078304172737,-10.7610584414544,-0.633234796838867,-0.895815961815274,0.366700528693291,-1.62969619321206,0.39263889103281,-1.05331894711344,-1.01445640909151,-0.42921461089724,0.74931554175114,-2.07050702119734,-1.09343595454541,-2.26224522212411,-1.634112341536,-1.47669762459924,-1.77040461571233,-1.13874503123822,-1.6399948013386,-0.587009510376273,-1.03011563739891,0.469471883267247,0.190212250798191
1,"NO","Tetr","FOR","FOR","AKE_FOR","AKE_FOR","Arachnida","Tetragnathidae","Web","Tetragnathidae",-10.6862117854161,-11.4345954896855,-10.3655133694765,-13.4829925191365,-10.2408947168072,-7.73943062891359,-14.8633807025447,-11.7651063936083,-9.06499921204629,-5.73596413037901,-11.9105009784171,-9.2726725941023,-10.9877067626133,-7.35660838442375,-5.72906145492032,-6.6330780868785,-10.5743262542759,-9.59320688012307,-12.5346450485905,-7.95004972322503,-9.22740557932848,-10.0554384214569,-9.81689609449873,-11.2251741083988,-12.4409405070052,-11.8949096200916,-9.86066411462258,-10.507582820267,-12.0265689609961,-13.0781216860175,-11.5076823316596,-11.9033999882626,-12.1342816945233,-11.6185867619405,-14.7729596639254,-13.3209957221959,-10.7502475153216,-0.888405378607215,0.63891946696952,-0.982452590430948,-1.54051061436014,1.35166423416966,-0.436943739448495,1.85609139133755,1.13980018167283,-2.3158023462982,0.963463147523501,0.857348119299704,0.906940798613013,0.585164956904087,0.999111169032742,0.597545904066484,0.92828584877965,0.479657281894167,0.557713654725774,1.70011277682891,0.0886870561711511,-0.37405756717635
10,"BE","Tetr","FBF","PAIR","MOZ_PAIR","MOZ_FBF","Arachnida","Tetragnathidae","Web","Tetragnathidae",-11.7072589644777,-12.2167697467444,-10.5568996584968,-12.4550196193779,-12.160340431598,-8.62674891361119,-13.2789347154567,-11.6997305321902,-9.74085385475741,-6.35995756047275,-12.0944270274214,-9.45195367904295,-10.1762710889614,-7.41426858411872,-5.94989486038622,-5.46807049679458,-11.1295491839259,-10.6863829750307,-13.1924700685002,-9.99150498593091,-9.79879299091012,-10.2918643328568,-9.55693059033713,-11.0080647449815,-12.2125244117712,-11.9018237819321,-10.3138737759122,-10.7518428881228,-12.0385132739287,-14.5535913903682,-10.2702015603892,-11.2202724069398,-11.3356930429922,-12.2901812706317,-12.7484315519312,-12.1430133559287,-10.0225032570434,-2.25575595643807,0.940212662204168,-1.10612161000039,0.105491918694133,-0.143603481317989,-1.08526031247343,-0.189419835376487,-0.287996441533044,1.17182746566464,-0.351681182090393,-0.0698109543366418,-0.117542892413074,-0.472322206125121,-0.3598546074925,-0.0679102931632245,-0.819529090695357,0.32719713461928,-0.336285241577297,-0.844409554682526,-2.84381907726685,0.190212250798191
10,"RO","Tetr","FBF","PAIR","BRI_PAIR","BRI_FBF","Arachnida","Tetragnathidae","Web","Tetragnathidae",-12.46833697132,-11.8845302955022,-11.8060156114729,-12.5708459296854,-10.8215781281584,-8.27581286863238,-13.2493237102852,-11.5372128831283,-9.7396918810052,-6.79194574103461,-11.9028081445245,-8.5584715129249,-10.0591756625395,-6.61974359873832,-5.41335882432254,-6.25973428629923,-9.36492975234426,-8.45067299458804,-13.2752508142774,-10.3054760679283,-9.05709377320647,-11.8013665915023,-10.4991187295581,-12.5348255038202,-13.0579068727586,-11.6044679313508,-11.3415613897064,-10.772826021629,-12.2579903382671,-14.4878417530506,-11.8080809782758,-11.6735611348185,-12.0580629609023,-12.3207423755297,-12.5826186492897,-12.0259296696576,-10.884299582781,0.553018144505544,-1.17720433413022,0.654571636967753,0.343358534041388,0.669037342012883,0.635958739323677,0.71060219179452,-0.990306957560679,-0.501800999050679,1.13426017098554,1.02512666978897,0.716969812790883,0.5860470801391,1.50321295535558,1.08542603087725,-0.0360711612401914,0.0609155194549713,2.17766160738212,0.183178512449367,0.418011632445346,0.462745947562849
11,"SE","Tetr","UBF","PAIR","ORS_PAIR","ORS_UBF","Arachnida","Tetragnathidae","Web","Tetragnathidae",-11.6269274457164,-12.6525823617159,-10.6550648519783,-13.4565508320158,-13.19193218286,-9.39182990114603,-14.4758565765509,-11.6063817869119,-9.33505968339152,-6.05663610595391,-12.5417962754247,-9.13455820175232,-10.1706984284676,-6.31914843651579,-5.88310010238255,-6.22458935206184,-9.21065617397936,-8.87974083279997,-12.2957675552465,-9.06398218734023,-9.27195813294195,-10.9685803081022,-10.3390570775397,-12.610731254858,-12.2962874997682,-12.8502951917591,-10.2481559786818,-11.1894505089959,-12.7067003958707,-13.8960752846025,-10.9380901736961,-11.5549562078836,-11.9220320882528,-12.4476121009877,-13.0754710680698,-9.02999594387779,-11.1886473787521,0.00918172559132806,-1.28242322366689,1.37005422807735,0.116809683597144,-1.55293190454855,1.09428627287002,1.26469986298386,0.502967897631237,-0.112057701687533,-0.0448260589676837,0.386286674488239,0.827147837635312,0.719439753201585,0.434058735642464,-0.655962354128859,1.4737675125268,0.371682088361338,-0.302363703950385,0.140943003067541,-0.0708176260693222,-0.626147053645162
12,"SE","Tetr","FBF","PAIR","ORS_PAIR","ORS_FBF","Arachnida","Tetragnathidae","Web","Tetragnathidae",-11.4247348712184,-11.9620353548628,-10.4745330113044,-13.2791851104151,-12.3517921868291,-8.58934835576098,-15.0583399310851,-11.7703262700283,-8.7363994146772,-6.16883080316439,-12.3309240134619,-9.10995777578167,-9.8596889630416,-6.64247098762166,-5.86876215793408,-6.11493685994404,-8.89943952117069,-8.21254949178456,-12.0165022065172,-9.13365988025062,-9.09127241877535,-10.5207777413724,-10.0762917506257,-11.4696568021832,-11.7696976075889,-11.5315588046354,-9.70400863555908,-11.2525467455222,-12.1977226421789,-13.4801463544691,-10.1689224146844,-11.3619474421327,-11.3756425149836,-11.8186118636936,-12.9443402127906,-9.11367683955703,-10.8736811889592,0.856902782990735,0.299741980078833,0.601949604072645,0.748875302067369,-1.06837000630622,1.05632426239203,1.93209286335889,0.793788061746137,-0.201048199477954,-0.0486925451200643,-0.0355258572127608,0.868561754985127,0.261595130113389,0.450453144205478,-0.687505828885545,0.978980504701003,0.0510620006207438,-0.566403209123308,-0.0728687237155959,0.477428371505003,-0.582202672617482
13,"NO","Tetr","FOR","FOR","FRO_FOR","FRO_FOR2","Arachnida","Tetragnathidae","Web","Tetragnathidae",-12.4686530647317,-11.6122632060415,-11.4053353918326,-14.3486297201417,-12.6034963281335,-9.3386282625301,-12.9480247328346,-11.324961007894,-9.24132943274176,-5.87964047822677,-11.5085249082125,-8.37405378095116,-9.53518320348292,-6.97112338520749,-5.74912352479949,-6.54575126863611,-8.78933219139837,-8.12169542038342,-11.8923370830424,-7.85792267058847,-9.11456281851471,-10.902619775995,-10.5296209595965,-12.0607952462338,-13.2520787631754,-12.3669100975933,-11.66434058111,-10.7396947526417,-12.8198725203141,-13.624503338506,-10.6364224908612,-11.5773969635045,-11.0096995251728,-11.9800006389049,-13.2006646448755,-12.8375179041554,-10.8282514712151,0.973350084190838,-0.520039865866517,-0.141534470012091,1.40947419556302,NA,-1.07685668857998,0.156188601220738,0.870998294956228,-1.18138940153155,NA,NA,NA,NA,NA,NA,NA,NA,NA,NA,0.117656450711749,-0.643553421480751
14,"SE","Tetr","FBF","PAIR","TEM_PAIR","TEM_FBF","Arachnida","Tetragnathidae","Web","Tetragnathidae",-11.2645651368531,-12.614799148925,-10.4143085704504,-13.4741400079107,-11.7265059868366,-8.271100476567,-14.4700582971378,-11.9104176994412,-8.9467009238485,-6.21567582579742,-11.817068679567,-9.11147886893688,-10.0847613826956,-6.54751140303797,-5.809826327612,-6.15477289780632,-8.91406553741754,-8.78295116004679,-12.3456651042605,-9.3799546894622,-9.09107354669489,-10.7183354131438,-10.1651176079424,-12.2519066499063,-11.9480491947995,-10.9992358381561,-10.1939081225987,-11.139749988883,-11.929776029304,-13.4868696869648,-10.2552498505699,-11.2642059102302,-11.8282030618345,-12.0529998280607,-12.6602833151867,-8.9329052620954,-10.6141601520507,0.131519477861847,-0.785001461422494,0.823052015121862,0.291374279075702,-2.0605676084083,-0.365673805464681,-0.895397238469193,1.37354854367629,-0.513834928838716,-0.689525440469812,-0.298278306653427,-0.710957777343825,-0.396268303528693,-0.572803274594139,-0.534151320058049,-0.424847458327556,-0.10965363650286,-0.831644270701044,-0.085098920418144,-0.0541238807290147,-0.636927130032763
15,"NO","Tetr","FBF","PAIR","FRO_PAIR","FRO_FBF","Arachnida","Tetragnathidae","Web","Tetragnathidae",-13.2147896174604,-12.5884258472106,-11.4996581812484,-14.3605269021676,-12.4257441100933,-7.09176132082327,-14.6280918057696,-12.0416916045883,-8.72493398750803,-6.01393988185994,-12.1724872687174,-9.36664034124971,-11.0033757236876,-6.51451627630391,-5.82563966294925,-6.72108285922974,-9.28823745638093,-8.56157252550227,-12.625783846848,-8.20859308883559,-9.43612659432686,-11.1609498513678,-10.2139365514044,-13.192794300275,-12.8213306219412,-11.8465815845262,-10.9975639856867,-10.6161583536197,-13.5910028476078,-14.2294334512008,-10.8244737535498,-11.1621919255915,-12.049275818383,-12.6756881016904,-15.7071347939896,-13.0316523228861,-10.9075068371142,0.412050425664414,-2.08919141394588,0.900675009948588,-1.57226589805443,-0.663224415633875,-0.495367679172707,0.25210071559283,0.562644315925658,-0.556279521263006,0.577212626539382,0.87567585981283,0.112739001529865,1.16549799961631,0.310946815170456,1.16426528574837,-0.502180143186295,1.49468960322452,-0.0510757843657585,-0.582184020837186,1.70107276923429,1.45278945949741
16,"RO","Tetr","FBF","PAIR","BUG_PAIR","BUG_FBF","Arachnida","Tetragnathidae","Web","Tetragnathidae",-10.9361986801232,-10.8301229748354,-11.2032601606203,-11.3312479422852,-11.8105282342055,-9.58766440586536,-11.9457019883916,-10.9741249885493,-10.6539322517241,-6.49059833607823,-11.0503253281113,-7.61615213063839,-8.97069841143039,-6.50816719549905,-5.62100533949387,-6.50893974988738,-8.75773594393998,-7.59697545480619,-10.4099226941244,-10.173242118406,-8.83774146145728,-11.742888578142,-10.0856793944427,-11.9220930788412,-12.8367636557247,-11.121115681089,-11.3801544622787,-10.3713911906812,-11.3732722789299,-13.5216983180058,-12.187466065355,-11.0387367499227,-12.1351851338692,-12.0410241716661,-12.2040304674444,-11.1376567160362,-10.6099442661189,1.65329236536051,-0.327721847949407,0.91566165931428,2.56266862242405,0.298132730611704,NA,1.21128868218252,-0.367588667077413,0.388789016704922,1.09242628036035,0.950584328394786,0.735271428629177,1.53593612802678,0.286751263936349,1.35156852220895,-0.69131502233438,1.5904308533725,0.318724700120884,-0.728936298802998,0.0561978840510517,-0.0981519706923281
17,"RO","Tetr","UBF","PAIR","COB_PAIR","COB_UBF","Arachnida","Tetragnathidae","Web","Tetragnathidae",-12.0764602016023,-11.5850751706416,-10.8239959827018,-11.3980079330975,-11.8851625830796,-9.04018856528384,-13.0242279296296,-10.8729246373328,-10.1314124719813,-6.24812292927437,-11.3462733851425,-8.00421270165807,-9.21157895384739,-6.57038449719666,-5.76801671153608,-6.38664187720906,-9.26627868928403,-7.31922603659335,-11.3422349037495,-10.2222781514273,-8.37212284869334,-11.8208979412548,-10.8779638931738,-12.1235436139327,-12.4167540448623,-11.9908874498225,-10.9728934498173,-10.5971788584262,-13.3516916666269,-13.9067766039225,-10.8904983348182,-11.594899312462,-12.6455384315503,-12.3828649861925,-12.7781411541228,-11.0278626660916,-10.9317909542243,2.02030745828981,-0.607038701515021,0.769490805791477,2.06979138247006,0.887640726739502,-0.38896005440293,0.0370959474909157,-2.09697014100143,-0.270536629519284,0.383616022596868,1.14075941852277,0.514395798101015,2.51181910197683,0.25653950327495,1.40765143409603,-0.95853629056368,2.01552018238117,-0.666165103724659,-0.839438709019444,0.854464425815933,-0.573123876319781
17,"SE","Tetr","UBF","PAIR","LIS_PAIR","LIS_UBF","Arachnida","Tetragnathidae","Web","Tetragnathidae",-10.7088253958306,-11.5345665774314,-10.5326512381471,-12.9122524273617,-12.0525054425796,-8.78310235411858,-14.5104214661632,-11.7729270492515,-8.6327688819467,-6.07901859921999,-12.3280280302998,-9.06922879146834,-10.2243852642662,-7.74635907470241,-5.61732304403911,-5.96915559502822,-10.5369682308037,-9.37502523608323,-13.9511527360022,-10.3468885391517,-9.37218103472694,-10.2400577647313,-10.1675968199989,-11.3355821508949,-11.3001841336864,-11.1904938501132,-10.2808523166376,-11.6355535551857,-12.0217232300333,-13.8245451306523,-9.96095044647657,-11.5670982722429,-11.4480889950575,-11.9859292406846,-12.7226721159338,-9.6637809927449,-10.9678727449239,-0.614557569098903,0.485735316349042,-1.81041390172946,0.00778447430475538,1.39420190900602,2.76356603671121,-0.35631922730021,-0.879450594874954,0.238283145427238,-2.08589986230644,-1.02301558925672,-0.226867547424508,-1.44633039881655,-0.233921849256532,-1.71485636446512,-1.1340531392002,-1.45764151953221,-0.732762266713436,-1.0136536329743,-0.750682814965879,-0.618491653343869
18,"NO","Tetr","UBF","PAIR","GAU_PAIR","GAU_UBF","Arachnida","Tetragnathidae","Web","Tetragnathidae",-12.0739793140386,-11.5993047079165,-10.6465610425782,-14.1988380174276,-12.0443937259386,-8.8485788865092,-16.0345393972903,-11.7777792072007,-8.60638781788694,-5.8516042530632,-11.8756785928346,-8.93298096943017,-10.4529308979069,-6.76868658630324,-5.82801039962063,-6.53226745341294,-9.26246006751771,-8.53886125116466,-12.334695222666,-7.75932360208026,-9.11423286870255,-10.560504092384,-9.78074615072791,-11.5713476769446,-12.6179467367291,-11.8521418511608,-10.7534167542808,-10.1860395470368,-13.4988750693107,-13.8455925026998,-11.3609873085101,-11.9329398807858,-12.0268016177346,-12.3933844432236,-14.2363101544726,-12.8540478434247,-10.723593151996,0.440893687382373,0.158690036932647,0.31279833206608,-0.45611441516811,0.653273993210951,0.880586717070647,-0.0828739319849908,-0.79805761511812,0.560998302880085,-0.277437318388786,-2.12151350022561,0.126115936265978,-1.22711924339109,-1.38062714531165,0.304094431620998,2.14790118093966,-0.654519747857489,-0.686528061244812,1.07142212635051,0.888511918727116,2.26696620614951
18,"SE","Tetr","FBF","PAIR","LIS_PAIR","LIS_FBF","Arachnida","Tetragnathidae","Web","Tetragnathidae",-10.965706884261,-11.6495497175569,-10.6664306865442,-13.3053641041806,-12.8493019891708,-9.18220330315228,-14.4307271118577,-12.2709647449598,-8.7552010855458,-6.24252052682637,-12.5381049293213,-9.20851067056272,-10.254392525508,-6.81593422623059,-5.48884125320662,-6.23906843632366,-9.7619868268127,-9.32913659905703,-13.1128029279949,-10.4311068688549,-9.48092064752607,-10.72155648774,-10.7840741859517,-12.1315360228791,-12.6708259340914,-11.3500103922371,-10.9048231810313,-11.5061440983034,-12.062991045228,-13.9578528481121,-11.4205402440858,-11.9342240392899,-12.0331418398091,-12.7198491003954,-13.3059695845306,-9.92328374292314,-11.2814237148541,-0.556900150535199,-0.618119735558043,0.205794109839532,-0.0531438798676641,-1.73539046389761,0.403010132864564,-0.147836933920222,1.53690118202066,0.247168761076474,-1.30650738178573,-0.600887339973163,0.34156532535282,-1.16455284688634,0.318139559371413,-1.00638841163925,-0.571085062132016,-0.844799583317835,-0.338924376466027,-0.845554753557435,-0.633830584439805,-0.636927130032763
19,"NO","Tetr","FBF","PAIR","GAU_PAIR","GAU_FBF","Arachnida","Tetragnathidae","Web","Tetragnathidae",-12.168212198465,-10.0531945507493,-10.5471078822089,-13.6054310904772,-12.9918739720338,-8.37668190671112,-14.4362764037797,-11.2258042424935,-8.00893255784235,-5.75890404553676,-12.1800998546793,-8.86098274340664,-10.3299549956796,-7.16354126559334,-5.59702513071552,-6.85111958330625,-9.85719444873588,-9.41195163460294,-12.3984239060997,-9.27511736808339,-10.0393081718742,-10.3699610524759,-10.0540971479706,-11.4439048036909,-12.6813819966742,-10.9001801419021,-10.956586208629,-10.7646983894796,-13.6680415988568,-14.1459209012442,-10.8145703417673,-11.7050438025901,-11.4823080997596,-12.3859041778843,-13.824354777184,-12.4943582102723,-10.5923486632083,-0.660937940959557,0.335463996062522,-0.564662680966656,-0.206542077488398,0.553936777476855,-0.856599250663199,0.195222149108524,0.779264233488662,0.624342781277937,-0.277274450928637,-2.03831760209054,0.111223750213533,-1.09288796298461,-1.32047652250141,0.335093480664807,2.10946048701325,-0.600270033140608,-0.624725747158164,1.03301240980319,-0.644990734160618,0.555862763161476
20,"NO","Tetr","FOR","FOR","HSK_FOR","HSK_FOR","Arachnida","Tetragnathidae","Web","Tetragnathidae",-11.7968947656935,-12.2380273460968,-10.1792355228702,-13.6996116028516,-12.4047262286076,-8.33927536418761,-15.131385221903,-10.7075316939593,-8.66475970399696,-5.99310887266365,-11.8592466182818,-8.86525350862456,-10.1929828017992,-6.41675332433164,-5.8984469243807,-6.7345928030962,-8.76658874439858,-7.67763039585884,-11.7271389750733,-8.50879015171526,-9.57226008873583,-10.4685355502801,-9.65111793149077,-10.6463453072546,-12.3257948025021,-11.9372638579856,-9.44417720204563,-9.87141038251669,-12.6641582045565,-13.1228782444216,-10.0805408097918,-11.0345718995916,-10.8336678805367,-11.8601005169556,-13.1464950646,-12.140983677145,-10.5459637141923,1.54778570167004,1.44244064387208,1.1333393291638,0.0715527803410509,-0.358332593105745,-0.348622998134429,0.22885313106916,0.635663955084525,-1.5560497488582,0.980573427988612,1.00386512526198,1.04033331237926,0.246631599206785,0.873955524676972,0.258949263702628,1.05567922121685,0.290120574210966,0.759307466651074,1.67186889581121,1.81393320087828,-0.502869747393105
20,"RO","Tetr","FBF","PAIR","POT_PAIR","POT_FBF","Arachnida","Tetragnathidae","Web","Tetragnathidae",-12.3748591566415,-11.7170005435447,-11.534268096341,-12.4678658308997,-12.911173970793,-9.40085512911083,-14.7604370758402,-11.7237343793056,-10.3521614352057,-6.60984113962169,-12.2890080727309,-8.34400126495347,-9.55485311404147,-6.53502841236451,-5.66010177115048,-6.08634895102076,-9.49993997266846,-7.42770966382846,-13.7697304700131,-10.2589002736263,-8.6208895885369,-11.965501259388,-10.8651489879945,-11.4635874820296,-13.5153641062473,-12.6947263745898,-11.0514331081695,-11.7067118459252,-13.5575506985529,-13.6572654741722,-11.5311690092164,-12.5848042554727,-12.4017440723272,-12.649072464584,-12.5777070647118,-11.882845051262,-10.896519291946,1.87621377993524,0.308160981810314,0.852368291826417,1.36939270438669,0.602888215814319,1.65520058899443,0.530729821097069,-0.308021488096789,0.00508468244410459,0.573836919433317,1.12251650276037,0.76466964025892,1.89985411135929,0.821471747350083,0.968803088519933,0.498949279621563,1.3436251757891,-0.130391447136547,0.867864237118669,1.21604114969147,-0.0363718114333875
20,"SE","Tetr","FBF","PAIR","BUR_PAIR","BUR_FBF","Arachnida","Tetragnathidae","Web","Tetragnathidae",-12.2884449878769,-12.3815336727639,-11.6899948540244,-13.3760026104344,-12.9205081468694,-8.53962704462566,-15.3276202951539,-12.6154245839821,-9.52082871813769,-5.99877024751921,-12.7829266605295,-9.38864585424064,-10.3857008929452,-6.55084312836649,-5.78817356691955,-6.17905918733629,-9.8380561706085,-8.81456880149985,-12.605226185001,-10.0802482864837,-9.53895974050201,-10.9076347597454,-10.4691101347304,-11.9835117154933,-12.253764410971,-12.6181528234355,-10.4691398800798,-11.4308679633096,-12.4167857662057,-13.8610218547818,-12.2580549044005,-12.4383132448887,-12.6631404220374,-12.8769015189412,-13.7117817315033,-9.09438209478461,-11.3300983544535,0.0915369904977833,-0.412884118566422,0.815237730766787,-0.31968670421681,-0.440230097204311,0.104911663810762,1.04008441501447,1.38380428649683,-0.268906911218949,0.327619320483165,0.122693010579757,1.03981361979559,-0.0680412834656712,-0.168077611481739,-0.433522504984704,-0.259174709186866,-0.981704634947885,0.0976842951121582,-0.0246772227763549,0.36055265437034,-0.608041622528025
21,"NO","Tetr","UBF","PAIR","HSK_PAIR","HSK_UBF","Arachnida","Tetragnathidae","Web","Tetragnathidae",-11.1929534803113,-9.98652851966802,-10.3724685124737,-12.6110891764132,-12.2652544770958,-8.65123648964454,-14.0578444225979,-10.7091530809846,-8.88324493274282,-5.81134216140192,-11.6011671009713,-8.55796069483652,-10.5585494915496,-7.68948251784439,-5.79443326046674,-6.3715792224545,-9.80901549641031,-9.02019590331642,-12.2284380158045,-7.63996507801572,-8.94665242964545,-10.0232546202646,-9.47350930292609,-10.8646644714623,-12.7554378072317,-11.4061119103665,-10.2847763727703,-10.3508987464078,-12.1409159345173,-13.7265248207712,-9.84392208529381,-10.6852653772618,-11.2907714934057,-12.0268489136626,-12.9739566450688,-12.2135259962379,-10.3082926763028,-0.168057085605537,1.13927384371159,-1.69064232844015,-0.670390436980185,-2.11499398307079,1.0030138904496,0.0226760504474373,0.257496473775815,-0.887692313355051,1.19332480397864,1.0589396352567,0.755742012111818,0.266827527092643,1.54501232959548,1.177084489246,-0.568977576282998,-0.176413894979549,2.41282783331786,0.0617272686318718,0.310117217028481,-0.125978933434477
21,"RO","Tetr","UBF","PAIR","STR_PAIR","STR_UBF","Arachnida","Tetragnathidae","Web","Tetragnathidae",-12.3644872658478,-10.8961570463673,-10.5617230202495,-11.866575898221,-12.9568802274275,-8.6666773573455,-13.7416800484866,-11.4879488113816,-10.4899322591872,-6.40210554407365,-12.0908585462328,-8.399622432182,-9.52874818887979,-6.7245060948743,-5.531063821065,-6.3309785224214,-9.46840039625672,-7.65629092217285,-13.1082721361776,-10.4146179913206,-8.98899724997946,-12.0990594884432,-10.4568438847901,-11.6539183372456,-13.5722639792922,-12.1151116758558,-11.0602183734994,-10.8835838627195,-12.3265554728279,-13.0817224342394,-11.7272816189474,-12.5719178705991,-12.4229178471308,-12.2956699688171,-13.379923532097,-11.5299336895226,-10.8214010962865,1.57565916371554,0.0441690234520537,0.413444609567181,1.42258809012794,0.566852173895484,0.460763802147004,-0.138331641911176,-1.8923342666498,0.0197710836575724,0.722584132640945,0.675229039761653,0.218995658935066,0.00174930901466709,0.930989299606685,0.712639509843403,0.823341829219963,1.74237880477588,-0.831644270701044,0.361596372686523,0.824080280699954,-0.375029368460918
21,"SE","Tetr","UBF","PAIR","SKA_PAIR","SKA_UBF","Arachnida","Tetragnathidae","Web","Tetragnathidae",-12.2319484032563,-12.0835139020956,-11.5652043432257,-13.2659234542109,-12.7868140534346,-8.24841383835518,-14.2731302708177,-12.1332951650164,-9.56648239528712,-6.24398835330502,-12.6413325713185,-9.11791724621068,-10.4583836521534,-6.50139281864777,-5.68792874704178,-6.30318488956662,-9.0729382230222,-8.28069236797212,-12.8351136520289,-10.3076147737219,-9.53165375459084,-10.945410053565,-10.4567115092905,-8.73408899045336,-11.8402565487815,-12.2632026906723,-10.5954790582371,-11.8505735058017,-12.5846778662779,-14.1308312012447,-10.5610288747455,-11.1182899181083,-11.2610723965698,-12.5889282514373,-12.970124564067,-9.85548950007084,-11.2904906332613,0.769757319747904,4.11125680610621,0.931670382766859,-0.467178339431946,0.744151505867679,0.905342537144964,1.12371771172974,-0.645019529792679,-0.321427088081243,-0.771333186618682,-0.415300873842466,-0.76541241114228,-0.656236596545147,-0.21321810748002,-0.539586535559263,-0.238948627807235,-1.14370090663529,0.529025750102788,-0.542762513628923,1.29433193213119,-0.640110392098086
22,"RO","Tetr","FBF","PAIR","STR_PAIR","STR_FBF","Arachnida","Tetragnathidae","Web","Tetragnathidae",-12.807718184977,-12.2303411758378,-11.8843221350001,-12.3686739030499,-10.99072129669,-9.37105761467843,-13.8845668391521,-11.8745464597006,-10.5524362785031,-6.84044387373997,-12.1284508134873,-8.63638702666838,-9.90745499614161,-6.35863701838044,-5.32874096036577,-6.62501203303603,-9.15444951915894,-8.00771122270878,-12.0704617952958,-10.5422039813375,-9.21610947355306,-12.8196625501808,-11.0172044321263,-12.4634018826142,-13.5532730491487,-12.2771351906267,-11.2343793911121,-11.7959358359108,-12.316259929669,-12.5355228356913,-12.5337211904669,-12.2021506350132,-12.4868119591225,-11.9143467814929,-13.1822512797886,-12.9015488473266,-11.3117245391146,1.11990130342753,-1.07819587789307,1.27371298962478,0.651741177552295,0.836945945464765,2.70975882665922,-0.300596068426133,-0.294549608803098,0.132779478013957,-2.14609393713117,-3.15346171172758,-0.126416726189675,-1.64032054865056,2.15176117798636,-1.73464296048917,0.227428423669272,-1.3898477851214,-0.831644270701044,3.8966832090082,0.866274870519257,0.228552278134392
22,"SE","Tetr","FBF","PAIR","SKA_PAIR","SKA_FBF","Arachnida","Tetragnathidae","Web","Tetragnathidae",-12.4010477709689,-11.9813366700679,-11.8660905325188,-13.4889558476731,-12.158836007284,-9.15584214070186,-13.5659465252963,-11.9431236967803,-9.23742465993241,-6.13194922328206,-12.6225735802787,-9.04381835940116,-9.98295805136095,-6.34747702898636,-5.77214253157268,-6.38845102782127,-9.08118518417907,-8.42741058251895,-12.4191296460895,-8.60659209434519,-9.14976972000854,-11.0250131463205,-10.01566521685,-12.2526929769687,-12.2065496884618,-13.0103930002493,-10.0019695117652,-10.7937164848818,-12.781768898464,-13.5272691617195,-10.8933188410409,-11.6120090032823,-11.9294066192414,-12.5755094249919,-13.4577844837217,-9.53638461769171,-10.79017726313,0.5826293588939,-0.786091592000239,1.30085888340484,0.498249180385818,-1.87119685953929,1.35484559163241,1.43540374690189,1.61909613573007,-0.271451316792566,0.119982320445403,0.296896340908573,0.838026151195158,-0.331703139569012,1.14043702139705,-0.158469338383805,1.31254689527252,-1.62144911817567,0.893524079972408,1.65387164001342,0.33647182360278,-0.634740105307673
23,"SE","Tetr","UBF","PAIR","HAG_PAIR","HAG_UBF","Arachnida","Tetragnathidae","Web","Tetragnathidae",-8.64344456053334,-11.3098124684043,-8.66920394482082,-13.3816181676348,-11.703542163682,-8.43229340384035,-13.960067300863,-11.8535460301249,-9.03096373255662,-6.0493841843687,-12.6835336977293,-9.10996989580986,-10.2429007105491,-7.32918498340145,-5.72293319824157,-6.04533127749512,-10.2244569954907,-9.02213988649321,-13.6174204887124,-10.362829260781,-9.47148237024397,-10.5709783958944,-10.745410435928,-11.5066588142877,-12.3351168783629,-11.44536450492,-10.5603140759168,-11.7387056048613,-12.0772572805869,-14.0177779113605,-10.5071702798208,-11.8943540750375,-11.8081248169138,-11.9399606618369,-12.9682122292582,-9.74243559512684,-11.1437731621901,-0.1705079595152,0.248416110851751,-0.923467916358273,-0.0298110478667157,0.306425524649734,1.75801825030746,0.0256401381021129,-0.511834501240641,-0.0160013021432513,-0.212430289245196,-0.119722706236172,0.590708212927358,-0.105125186881801,-0.439124268640528,-1.18197265775825,0.357519678092341,-0.723623282192589,-0.809184885466064,0.642833215701455,-0.178878127177005,-0.628254284487767
24,"BE","Tetr","UBF","PAIR","MOL_PAIR","MOL_UBF","Arachnida","Tetragnathidae","Web","Tetragnathidae",-12.7120129259455,-13.0417786190058,-11.1815336505164,-13.1725121076426,-12.2793406155259,-8.47031512337438,-14.6706235429572,-11.5607015827146,-8.44761981229514,-5.92568442425671,-12.335952467242,-9.84723628745954,-10.4185256343467,-6.95154978629538,-5.92290272474203,-5.87362587076539,-10.8974234016762,-9.42917153160312,-13.7528089889881,-10.8285827950402,-9.86421336921057,-10.926130309222,-10.4558829554138,-11.4735483056556,-13.1691407952232,-10.9765411430126,-10.6817535185558,-11.3315062656037,-11.7967846855743,-14.5099458737129,-10.5817328699622,-11.8744466150957,-11.6427728384006,-12.3971086462102,-12.5364850248326,-13.2639652907797,-10.941554431738,-0.68256170302725,0.2943439446018,-0.0980509785108653,-0.386300305530372,1.05220506136233,-1.07843097750258,-0.811440753944594,-1.80510081816752,1.1389142568519,-0.548955912789214,-1.36279210277737,-2.10821862133484,-1.34810538393124,-1.55353179159737,-1.2681170051534,-1.26227024471089,-0.929503418161913,-0.754767215276832,-1.20459550733284,-0.535131195098295,0.462745947562849
24,"NO","Tetr","FOR","FOR","HMI_FOR","HMI_FOR","Arachnida","Tetragnathidae","Web","Tetragnathidae",-11.4594493697454,-11.5895973127971,-9.68684772936577,-13.3646213529771,-12.3317984313017,-8.67525191241491,-14.6975519164079,-11.519280698865,-8.61623447906888,-5.82256754884827,-12.0618837827874,-9.10913829667766,-10.7108268942995,-6.86460301815794,-5.70079816013672,-6.69352056733174,-9.50651067441806,-8.89810631657305,-12.2932966754499,-8.17186133134503,-9.18677625702968,-10.5394833489501,-9.53391610191128,-11.5555084154269,-12.3986824884299,-11.8378648776743,-10.9428257158971,-10.1538283929431,-12.5389109391844,-14.7956314831024,-11.2300026175002,-11.6818667657361,-11.5022251758172,-11.9807440241568,-14.4583863630674,-12.7368914785514,-10.5894851435981,-0.0140122365766973,0.180659219248293,0.0962127745854762,-0.979225310175357,0.16131229955258,-0.337246878760583,0.131223655233146,0.773562386410277,-0.758932624393025,1.27277655573254,1.10623621043977,0.869070613259159,0.448784479707151,1.87414215154579,1.24255758985145,-0.440993469047698,-0.747659869878317,2.98198099551002,-0.46747247201029,0.732541446880957,-0.0849803532769584
24,"RO","Tetr","FBF","PAIR","POA_PAIR","POA_FBF","Arachnida","Tetragnathidae","Web","Tetragnathidae",-11.9333071668908,-11.6822986626961,-10.9061255922847,-12.2418851416658,-11.8310593527488,-8.24024680227251,-13.6466419756172,-11.5409477603774,-9.65336075497232,-6.49986355563065,-12.1480730170906,-8.46410268978597,-9.69361062906686,-6.74134159145836,-5.49515749025598,-6.35077424312133,-9.5116250471085,-7.71122879422398,-13.103306243586,-10.4821457537088,-8.99351580326963,-11.951037452569,-10.4338295764934,-10.7541587127363,-12.8190648547713,-12.5528622400249,-13.2215429985837,-10.8779557847937,-12.3014647835962,-14.4882188961932,-11.5407111846409,-12.1964837952466,-12.0608789124785,-12.0297346844444,-12.1402119555742,-12.078627215996,-10.7215968233631,1.50395735978451,1.29270907046867,0.375022983921328,1.08679777791596,0.788348183757131,1.90355542527426,0.715159504089233,-1.33281304961631,0.0444522110059987,0.589322766205811,0.901342290291426,0.894880972306342,1.30204757763436,0.886228222534229,0.793638681505022,1.15428857433613,0.532372427049158,0.0306497237957132,1.89480536512036,0.993357525849609,0.635170602286496
25,"BE","Tetr","UBF","PAIR","VAA_PAIR","VAA_UBF","Arachnida","Tetragnathidae","Web","Tetragnathidae",-11.0041385218473,-11.7365155177951,-10.4957982100635,-12.9000961400284,-11.7608710119685,-7.27136567060132,-13.712487107121,-10.884355457413,-8.94508292998667,-6.2927537246279,-11.6621886849351,-9.84393731166597,-10.670998404405,-6.95489514683146,-5.77501217083336,-5.92727157217598,-10.5069935168682,-9.57729087638575,-13.1547733912453,-10.5784809625111,-9.68749485861943,-10.6256912909051,-9.75516966607068,-12.3232791273856,-12.5389427110766,-11.0165478919429,-10.8590029197483,-11.0648775320925,-11.8216595873376,-15.4546908769547,-9.93354613089001,-10.696522321881,-11.0886677417737,-12.4798751862687,-12.8699422343861,-13.2669593883547,-10.5814749052096,-0.868443486421718,-0.883947633097283,-0.105489084443532,-0.898459590429385,1.31037211335296,-1.10159449137006,-0.791364535830684,-0.733637500852666,1.86254153835127,-2.23292874633608,-1.1888623590161,-2.68010436423451,-1.71038710969243,-1.812427984537,-1.99910220229668,-1.2311792414326,-1.68304882548939,-0.810656890289667,-1.16167662481571,-0.374447197902962,0.190212250798191
25,"NO","Tetr","UBF","PAIR","HMI_PAIR","HMI_UBF","Arachnida","Tetragnathidae","Web","Tetragnathidae",-11.9800129554004,-12.280512823239,-9.86273869354806,-13.7156966868762,-10.3168130046982,-6.68448764327727,-13.9639549525595,-11.7413352114107,-7.59909653058375,-5.88832810661307,-11.3377957990059,-9.30330439607271,-10.8604861998779,-6.92080638503319,-6.01755815683499,-6.81983050604798,-9.85097872415242,-8.72219398639964,-12.3598739630264,-8.19595532245746,-9.71369635988042,-10.7385598337121,-9.87778423742987,-12.317942624432,-12.780653287638,-12.7399975596485,-11.0730718042388,-10.8647504029855,-13.4110347316004,-15.0745810999814,-10.6001389614493,-11.1942213411776,-12.0443458693227,-11.4420885952423,-13.7790351654685,-13.118773923588,-10.916761829829,0.20840599877695,-0.876549562046609,-0.0295724729324385,-1.28264873922897,0.248865350878652,0.997069967386262,-0.24658684027364,0.439024557605638,-0.514757872563774,1.21686706271331,1.08850123004609,0.839135273241253,0.504348364674424,1.5872589873505,1.08898255431429,-0.18942592756637,-0.238712176050282,2.4880201732217,0.0327979699370305,1.23379215373695,0.0987793727407712
25,"SE","Tetr","UBF","PAIR","NAR_PAIR","NAR_UBF","Arachnida","Tetragnathidae","Web","Tetragnathidae",-10.2726946119741,-11.3145991371495,-9.66585569764882,-12.986317634454,-11.7533584360721,-8.82384763169765,-14.6398231118733,-11.7819534295135,-9.18022173535816,-6.12886128088392,-12.242083110818,-8.86079063971962,-10.4190280210449,-7.22441301460666,-5.68628420927748,-5.94791891465701,-10.1368355021205,-9.49514569610729,-13.838748958969,-10.1151519182688,-9.68425807115774,-10.1443636625316,-10.5065986923343,-11.3554321477103,-11.3980745073937,-12.204086589818,-10.1218184967317,-11.6517352732577,-12.5681186085495,-14.1415004447125,-9.91970429876041,-11.3267626113235,-11.3701193242024,-11.6115426811294,-12.5172762838319,-9.36614284767901,-10.8143550147146,-0.765381104942755,0.458196894591236,-0.697047848087364,-0.387319783939494,0.822401772280654,-0.308021414412061,0.640011378976656,0.666389693682856,-0.495470626188647,-0.366609823799468,-0.0025495560280342,0.441087352299974,-0.596767254546293,-0.373934964863682,-0.612833874960138,0.0796036429339574,-1.12185741878068,0.0663795902681213,0.330144596385022,-0.635932890049103,-0.617770039262782
26,"NO","Tetr","FBF","PAIR","HMI_PAIR","HMI_FBF","Arachnida","Tetragnathidae","Web","Tetragnathidae",-12.7998272641887,-11.740262423856,-11.2612179795121,-14.7644616500635,-13.4977022441021,-9.62170961765344,-14.9571408402525,-11.5365961962905,-9.94458494592002,-5.99705870417665,-12.576143089333,-9.06116740828358,-10.3495677931966,-6.68900859233656,-5.70029354599716,-6.27667404879404,-9.29006170260637,-8.6426568493694,-12.2726330447051,-8.59119989767719,-9.36104645066741,-10.5228065082664,-10.0702280394743,-11.564118633978,-12.2776218176768,-11.6491409981492,-10.6168955957137,-10.3195212863676,-11.7234643139894,-13.6024279720256,-11.1504152332461,-11.2855564789214,-11.8236604322709,-12.5565003232122,-14.1667802257878,-12.0242572926713,-10.9550712309014,0.309174656321602,0.168716736640775,0.494744995796994,-0.246351453775077,-1.00476533466889,0.412837834660239,0.308911582911155,0.770737379990376,-0.178321166678015,1.13183015277409,1.03912076953258,0.379952102823636,0.523018496987504,0.804765905288785,1.09743616346332,-0.295253486677899,1.08637458315418,0.892525922267648,0.184136439352743,0.569575749057515,-0.456130684201143
26,"RO","Tetr","FBF","PAIR","ALB_PAIR","ALB_FBF","Arachnida","Tetragnathidae","Web","Tetragnathidae",-12.7531861252853,-11.6529247949083,-11.6891016539854,-11.571136541021,-12.90611553704,-9.56421397337952,-12.7765339904203,-11.5909206469536,-10.5050817271978,-6.64672906475622,-11.7420875633421,-9.62294602084097,-9.45263566235196,-6.57064483571815,-5.44448217209894,-6.21555888688115,-9.40330592989533,-8.01908533479315,-12.7427097053056,-10.5916007519496,-8.99156327736492,-12.1968783877111,-10.2436120883529,-11.4487107137857,-13.1958751239609,-11.8369947881384,-12.0855886078888,-11.7057102821876,-12.3946349896106,-14.2568856820689,-12.3262993658312,-11.8362811349567,-11.8616439822501,-12.0040452424978,-11.4235205539062,-11.6144669788823,-10.5234767246708,1.10525292501609,0.328797379991578,0.768882324266354,1.57774509890473,1.02636008077779,-0.948375689632711,0.595506911995702,-1.10805142022648,0.176701582844885,0.992914059908768,0.731040468101123,0.321499122286146,0.836491808118765,0.289406811727243,1.14704900304334,0.184202206360736,1.27503369640103,0.21352212057713,-0.0584950331114705,0.148507739052816,-0.263759998273587
27,"BE","Tetr","UBF","PAIR","ROO_PAIR","ROO_UBF","Arachnida","Tetragnathidae","Web","Tetragnathidae",-10.2833965405382,-10.8979687879876,-8.27245999587687,-12.7724842196639,-11.8000733497282,-9.16204283918114,-14.2798905765721,-11.8148235674143,-9.03129897831562,-6.33952493128793,-11.5467840820672,-9.97678799060301,-10.6690106491148,-8.00817522571027,-5.59807721773956,-5.80786972874115,-10.6361729724394,-10.2799645742202,-12.6336537729648,-10.275562014546,-9.02676609299203,-10.3205553299847,-9.84864504900444,-11.8639792623302,-12.9798577096391,-9.75099558418011,-10.1609840147261,-10.8456150787574,-10.8683015770889,-14.2189301416849,-9.9664673176465,-11.0150356436902,-10.3970375317724,-11.2019863543135,-12.2383740784864,-12.3938022303279,-10.6005305046665,-1.74807638160511,-0.247138830921934,-2.35809719387524,-0.894428553339127,1.36033595765936,-1.10159449137006,-1.9461087650797,-2.04682197607716,1.72143686134313,-0.0239987210979351,-0.0689696682321417,-0.965564352065864,1.25948375351858,-0.54789329312421,0.449648426834455,-1.24546063076276,0.962589106593337,-0.693062505486935,-1.21418293881142,-1.45938929560913,-0.36288425818396
27,"SE","Tetr","UBF","PAIR","LAN_PAIR","LAN_UBF","Arachnida","Tetragnathidae","Web","Tetragnathidae",-11.9998494422004,-12.2632013700134,-11.4234642533363,-13.7721092277465,-12.168515229557,-8.89673111840117,-14.5583824886199,-12.4864118371275,-8.23029740978031,-5.99617740516407,-12.5546294992573,-9.2440480312209,-9.7586847321588,-6.6477503087469,-5.76944953289985,-6.3875649418726,-8.6594339909561,-8.16968212928206,-12.4934958735859,-9.84321458729943,-9.37365982100285,-11.1270395446666,-10.8629154150096,-11.468847861214,-11.968601797769,-12.1852351045623,-10.6396472240021,-11.625702496669,-12.6671621855571,-14.0075120082851,-10.7901152702825,-11.6354844256455,-11.7842899712922,-12.1611727685845,-13.3004521415601,-9.31448995099692,-11.2545123696318,0.911807624112352,0.300864092057244,0.589751605918194,0.954352327413693,-0.947609405285142,0.0212402291505793,0.16789112992499,0.683673366808332,-1.30106580110574,-0.309456518332983,-0.271676360468602,0.373391433201789,-0.293017784546416,-0.602224170517261,-0.549276014301579,0.0957230080582702,-0.513396199694248,-0.781054886662124,0.064529604568173,0.387902923083275,-0.631401334763409
28,"NO","Tetr","UBF","PAIR","HMA_PAIR","HMA_UBF","Arachnida","Tetragnathidae","Web","Tetragnathidae",-12.290512499452,-10.7451117544422,-11.7809054367659,-13.3021843989019,-12.5080288254516,-8.82408595773761,-15.3568984376212,-11.778852925461,-8.74124891812823,-5.61435720827337,-12.043558476446,-9.23737710440761,-10.628848674061,-7.50431132038316,-5.79203955852002,-6.44669224666197,-10.424526837399,-9.77517439971336,-12.4539363776265,-8.05926692390891,-9.24395239553515,-10.2261103599416,-10.001085000378,-11.0776925625985,-12.6053915668248,-11.8280623878268,-10.8931434675719,-10.341792220685,-12.6416853212004,-14.1702122090197,-11.8300213849684,-11.5219015030597,-12.6008308213793,-13.0161107859717,-14.2043075624942,-13.2928058035978,-10.8302626744516,-1.11648425380851,0.843576113705835,-1.29835156842214,-0.812978695467116,0.724863554515465,0.260367236935887,-0.174090911749977,0.442007002087923,0.502063064650662,0.0732197948580038,-1.27302420053439,0.0324542814438587,-0.807516204403737,-0.996648699032237,0.552564047167571,1.76065454597156,0.0432132761722244,-0.608892389673017,0.746602607982439,-0.744015509579041,0.323639097590686
28,"SE","Tetr","FBF","PAIR","LAN_PAIR","LAN_FBF","Arachnida","Tetragnathidae","Web","Tetragnathidae",-11.4773075944943,-12.4215849931331,-11.3984098924423,-13.190756857852,-13.2553393019966,-9.36559740839047,-14.5869229923413,-11.8889689331537,-9.97943995055688,-6.14723803417382,-13.1193386661207,-9.059550946672,-9.76097038572293,-6.26917461398587,-5.8855321950895,-6.28779266885594,-8.85060278535673,-8.07162613394935,-12.4739601224937,-8.84480312959121,-8.89466593624483,-11.1472034562535,-10.3741172772149,-10.3100186226778,-12.5402294095508,-12.5843043828103,-10.498619640566,-11.4534563167635,-14.0441669574933,-13.9029557844928,-10.9392471949926,-11.6112132105359,-12.2125016150502,-12.9140375887761,-13.8602976436434,-9.37677082680953,-10.9658316908375,1.03765897020029,1.90979770975447,1.49317183090885,0.949701252993984,-1.81432515917309,-0.031358516337681,-0.0299379161789823,1.30547854687202,-1.25024339660403,0.0287604909162761,-0.0864785637492254,0.844534436936072,0.0226097679198328,-0.459162637190396,-0.571374347112951,0.893243498123315,-0.45153110872675,-0.793189848796898,0.436544898160187,0.542357957481221,-0.619163434502873
29,"BE","Tetr","UBF","PAIR","BOE_PAIR","BOE_UBF","Arachnida","Tetragnathidae","Web","Tetragnathidae",-11.5372388680372,-12.1898068099719,-10.4744034073901,-13.960709110374,-11.7256333259483,-9.17172622357522,-14.1417258371206,-12.200269400325,-9.29094362948681,-6.32659128000858,-11.8435303552897,-9.82097956973363,-10.6301269303761,-7.06248251371612,-5.77018799350316,-5.6675713732403,-10.2091777602367,-9.33130466780516,-12.5741460302852,-10.2758437181238,-9.51805642101309,-10.6278372799272,-10.0848590088337,-12.216511418752,-13.0161457354909,-10.4437379610195,-10.5402250884348,-11.1185809323131,-11.0418078752136,-15.6430978743021,-11.0292193336236,-12.0712107287388,-11.7141395661339,-12.120770407571,-12.4540380600009,-12.6281484065014,-10.5412196341284,-0.559624770522726,-0.735930584923957,-0.343372327347777,-0.81557116237131,0.68004747256238,-0.489503891873879,-1.88343578370236,-1.41216026729545,1.38124880105485,-1.53006227078638,-0.514722002902746,-1.14808676806365,-1.02188443329776,-0.264187604697091,-1.05100910796405,-0.204996451362324,-1.52475941694186,0.175232879814616,0.0188321945949906,-0.058651923992519,-0.36288425818396
29,"SE","Tetr","UBF","PAIR","ALO_PAIR","ALO_UBF","Arachnida","Tetragnathidae","Web","Tetragnathidae",-10.4248840768144,-11.462329532198,-9.78161537711605,-12.6673639225493,-12.5346805397328,-8.4940295099825,-14.0145736183291,-11.0421126850259,-9.30198700275373,-5.95744494410062,-11.5280600835666,-8.43315434948232,-9.82957353130062,-7.74962213471635,-5.85458265663486,-5.90702888984594,-10.7991902099322,-10.257965964937,-13.759425635296,-9.64315981990811,-9.10144087391547,-9.95829958480534,-10.0504617031548,-11.1947883331542,-11.6764876260159,-10.9298723677314,-10.4302167441513,-11.2008499559732,-11.373514479157,-13.6885769042964,-9.35799726123621,-10.8511330899709,-11.0739898281495,-11.628383322752,-11.9303136977974,-9.04011591644375,-9.98367479986837,-1.72057897565445,0.681081622797619,-1.81727589694039,0.810128554911697,-0.464773572579475,0.625334092864738,0.120358334046169,0.494941221987956,-0.0179972577565587,0.305981905160984,0.0838751514396304,1.34843172536575,0.552080575396076,-1.27299280476132,-0.765372320321736,-0.486704253591346,-0.519224333292614,-0.831644270701044,-0.620107508415462,-2.71798683426831,-0.633253250403192
3,"BE","Tetr","FBF","PAIR","MOL_PAIR","MOL_FBF","Arachnida","Tetragnathidae","Web","Tetragnathidae",-10.9782068401659,-11.6757940292026,-8.91783992537615,-13.2860015017014,-10.7609317371746,-7.33545997423272,-15.0440390668838,-11.8280400036984,-8.55756379343152,-6.09374622236407,-12.0388794488748,-10.1849707105685,-10.9338996080015,-7.14578757333696,-5.78104107738169,-6.03344720209595,-10.4763319338286,-9.67709257709423,-13.3484491161335,-10.7057585566536,-9.84251401503369,-10.7461137859995,-10.1286502329981,-11.4800210181881,-13.3351887291068,-10.7867466889504,-10.5808198193924,-11.1359611353419,-11.5028184305701,-15.2889083971975,-10.4283514425662,-11.5095225717933,-11.0897674892112,-11.8302041690444,-12.8588132338805,-12.906593550114,-10.9093428681208,-0.993580152178887,0.285365475067267,-0.525927316689835,-1.43145665315916,0.825738482419105,-1.04446406742046,-0.787390498509294,-0.37750670151213,1.05346871093208,0.35787081556586,-1.56327506874675,-1.82005732642481,-0.400509074336384,-1.23101829820006,-0.567533924796462,-1.23703807673048,-0.0935084092170967,-0.831644270701044,-1.22078246344403,-0.12331436266534,0.190212250798191
3,"NO","Tetr","FBF","PAIR","AKE_PAIR","AKE_FBF","Arachnida","Tetragnathidae","Web","Tetragnathidae",-12.6580915969231,-11.3513989017359,-9.89495990460317,-13.1498348173662,-9.27712345412045,-7.72320598374773,-13.9012327436554,-11.9580463672084,-9.3362087700775,-5.76238877240567,-11.6765831192421,-8.88000245463668,-9.9367092655664,-7.31003941374054,-5.69394359710592,-6.78797647970939,-9.82958362018037,-8.73241727044534,-13.0555464161145,-8.04018821735489,-9.17828888342214,-10.9667950870395,-10.2129636488732,-11.8149174700704,-12.497704883688,-11.7541862562242,-11.3956040403381,-10.4523962563053,-12.9175118062226,-13.7922703458358,-11.7232691111071,-11.5691224894105,-11.8547806295663,-10.8398503085009,-13.8844934255398,-13.4145216771814,-11.0091508368041,0.195463483047926,-0.179105188970642,-0.882221466673278,0.592262881725976,-1.30239966372107,-0.5610057162005,1.75092045151243,0.432444314838285,-1.8182943277436,1.1227483963599,1.09188968920508,0.305615173831225,0.62762692039569,0.725414218404629,1.1878047886884,-0.134490844854428,1.49024173868402,0.173037968897751,0.0727682592192897,-0.204278664361883,-0.643553421480751
31,"BE","Tetr","UBF","PAIR","MOZ_PAIR","MOZ_UBF","Arachnida","Tetragnathidae","Web","Tetragnathidae",-11.4066594934168,-11.0706337895033,-10.4310642395958,-13.1062194423499,-11.5933975043975,-9.18178918283648,-12.7431547160968,-11.5985552643413,-9.43129112518024,-6.07522039194308,-11.4740471074122,-9.48139989677588,-10.4180626229307,-7.0311179777582,-5.99102335605526,-5.65907080816272,-10.1759097085649,-9.07459063409789,-12.6245493120605,-10.2998521275459,-9.7201015517122,-10.3492048545586,-10.7219507413414,-10.8078455826135,-12.0559414322345,-11.2792494824662,-12.3752958741654,-11.2379055446724,-11.426621991032,-13.3727485586994,-10.0099570204765,-11.4769109650366,-11.1640234773766,-12.0736841151633,-12.3351561055681,-12.3980123386748,-10.8491052975774,-0.236613780132712,1.21816158403256,-0.274280697074272,-0.385360728869485,0.567037869306438,0.251818719376517,-1.16615709764787,-1.60493263546612,1.24328348892958,-0.686747630047525,-1.44463933120071,-1.96195571862822,-1.58455200673821,-1.26790706236194,-1.44912101248122,-1.04158265251789,-1.20864617886823,-0.588013465442246,-0.854740632077183,0.0100659501414493,0.190212250798191
35,"NO","Tetr","UBF","PAIR","SAN_PAIR","SAN_UBF","Arachnida","Tetragnathidae","Web","Tetragnathidae",-11.8702300344875,-11.616012596853,-10.5391836745243,-13.5130442700944,-12.7196119487919,-9.27415205263266,-15.122606410012,-11.2441874328798,-8.1609288775087,-5.45101684023565,-11.8546408796022,-8.86936807767823,-10.84288918038,-7.60638321542575,-5.9221815059208,-6.54522953135921,-9.67341284644011,-9.06150583881929,-12.5663439692825,-10.6395259064783,-9.72410536480596,-10.367727673594,-9.92765626308468,-11.333763215068,-12.3090307385002,-11.8719155277594,-10.7265465933683,-10.7620490336331,-11.6325029983371,-13.9852095389348,-10.4921432886866,-11.5681770124237,-11.2575665560102,-11.8306056158894,-13.1786130116231,-12.2532706826888,-10.4588875514581,-0.220126284136659,0.488258805940221,-1.51506260836369,-1.24697680076728,1.24040290514642,0.115968740519408,0.799707526557854,-0.802086644380152,-0.285070495899994,0.551239290936163,0.719910609402759,0.637070493324903,0.8406709185524,0.836552202759983,0.886980678429251,0.18231593940935,0.849034427698599,0.855603117859223,-0.412896385752557,0.684317690288099,-0.126148472745984
36,"NO","Tetr","FBF","PAIR","SAN_PAIR","SAN_FBF","Arachnida","Tetragnathidae","Web","Tetragnathidae",-10.8362437696783,-11.4164731249471,-9.08372006512331,-13.7450878441196,-12.2198946621414,-7.13174412909742,-14.2001795388501,-11.8072863415382,-9.20679619764957,-5.98002078043992,-11.4558592699744,-8.88065813520929,-10.8397356925073,-7.1913722684361,-5.77480548896188,-6.51939497081636,-9.89030361893921,-8.91829342860461,-12.5180954528464,-7.95307203422775,-9.57800711231034,-10.2302264534112,-9.25463011609903,-11.5736481567551,-12.5308618871915,-12.0309604072674,-10.7193674391389,-10.4513151200252,-12.163415726909,-14.2858119881895,-10.1715466388323,-11.0729943010386,-11.3768964286491,-11.9303778283129,-12.9693730592221,-12.6208627328828,-10.2030288598989,-0.0395000175993033,0.155499280218993,-0.625270550568951,-1.24058405471489,0.589598838102936,-0.606945088270876,0.603944570692199,0.188167464704902,-0.262969927178676,1.09277597951166,0.958549919848544,0.790561331347712,0.397415111380481,1.17462538495,0.996489979743298,-0.466068833976856,0.260775596509377,1.69048404345351,0.349523252649169,0.899944717465872,-0.269945069712132
4,"BE","Tetr","FOR","FOR","VAA_LDS","VAA_LDS","Arachnida","Tetragnathidae","Web","Tetragnathidae",-12.4101601217452,-12.217351724147,-9.49175478331363,-13.0706698676485,-12.2623386099814,-9.3577549116245,-14.5936253543013,-12.2992269930066,-9.28439801102301,-5.96900064206891,-12.0058804515067,-10.2237695398722,-10.3978700503481,-7.40386282180155,-5.58818425965399,-6.03278559330085,-10.2403217344747,-9.92077181582574,-13.0945462328882,-10.7016189547887,-9.63524127737649,-10.4606137681494,-10.2133054161479,-11.9807971461355,-13.0841854908597,-11.4598022665607,-10.2353762083669,-10.8924644799971,-12.1613230117809,-15.4087754138269,-11.5526163182693,-12.5000739035651,-12.50258876695,-13.2539375945225,-12.5231960839598,-13.1794917388897,-10.4599041486496,-1.2988051336095,-0.409120202391853,-1.08383769610469,-0.34438321811402,-0.205906846021512,-1.04654574495229,-1.86577403092418,-0.636989416058291,1.1672641753624,-1.77511045717355,-0.897818479370989,-1.90617188922323,-1.23673046936173,-1.38913568469571,-1.69210055106949,-1.22366801050846,-1.34386196041868,-0.790236039298275,-1.15469687079473,-1.32382347091343,-0.0849803532769584
5,"BE","Tetr","FBF","PAIR","SLI_PAIR","SLI_FBF","Arachnida","Tetragnathidae","Web","Tetragnathidae",-12.6308209140388,-11.7183351259591,-11.5812163935719,-13.2489478195613,-12.0004678958167,-9.50929108952139,-13.9195899385693,-11.6884568006197,-9.73290295726123,-6.33780106292097,-12.2513180623218,-10.0764137975826,-9.97598990616948,-6.77558994744403,-5.54341027617992,-6.01158561698229,-9.93846794021702,-9.72059432442797,-13.2629615456788,-9.15507481095329,-9.56525967798692,-10.6442488677937,-10.171054876963,-12.3419687540112,-13.166106777964,-10.891483449255,-10.848843572886,-10.6397964943261,-11.5769576471091,-14.2688953788075,-11.3572726032119,-11.8512657392584,-11.6432015035453,-12.3338476614439,-12.7052968800932,-13.5688662740371,-10.5742465178485,-1.04810006582508,-0.909857195647097,0.297124222844167,0.512412600075835,0.128351639643033,-1.13393882411692,-1.74911843672783,0.177201947906299,2.21428924153032,-0.402197444686037,-0.520669248222184,-1.42370247972528,-0.217674543791159,-1.12174625374381,-0.551596218612599,-1.05536041482676,-0.0891156068953056,-0.698555869079661,-1.22521061517079,-1.66518022255756,0.732671626371559
5,"NO","Tetr","FOR","FOR","ALN_FOR","ALN_FOR","Arachnida","Tetragnathidae","Web","Tetragnathidae",-13.3115657996466,-11.5729652134185,-11.5879283337176,-13.5880358797483,-10.4693313058198,-8.3268834960312,-13.9948602559078,-11.7597356494701,-7.8308057221971,-5.57882342776704,-12.356925007597,-9.07905071013223,-10.5948851814881,-7.52526076809222,-5.72696516773912,-6.8545072740342,-10.6938333417792,-9.87285902116668,-11.9550938817533,-8.30292898900464,-9.52188563294462,-11.0948455697122,-10.0565839683846,-12.9839957141368,-12.2804464527656,-11.7955762328933,-11.2291167142476,-10.6537578712461,-13.608551296921,-13.2728538730474,-12.3828712827693,-12.0140489860287,-12.7970062285351,-11.8078696469183,-14.5607969451424,-13.1766381075189,-10.8012079454676,-1.23882277599316,-1.79979931102611,-1.34292949689129,-0.744093450898475,-1.25607510664202,0.284424412878858,-0.0873958475900326,0.895442206827777,-1.00655057379816,0.743003322328617,0.810479905018518,0.500067394046098,0.539803056770364,0.51937777367891,1.01364119414189,0.295327929608362,1.20140368290582,0.108726701278757,0.160318144679232,-0.946710053200822,5.92319448450221
7,"BE","Tetr","FBF","PAIR","WUR_PAIR","WUR_FBF","Arachnida","Tetragnathidae","Web","Tetragnathidae",-12.6215511348645,-11.9584858130636,-11.4721150887343,-13.4153029801433,-11.8605831069961,-9.85099220126587,-13.7697233901049,-11.6969187899665,-10.3350137926115,-6.47230294706992,-11.9489656308591,-9.76246526526472,-10.3838657442785,-7.00383288783252,-5.61886500861168,-5.72156853409172,-10.1369460829253,-9.58613461271103,-13.5811165145123,-10.1392930890332,-9.84052708949076,-10.3866227084595,-10.0121599101438,-11.0193029914843,-12.5921117332954,-12.231194173668,-10.386198406659,-11.3402626909255,-12.4802559340255,-14.5496859265037,-10.3802132222837,-11.4932543397945,-11.1048602231173,-12.5232545743704,-12.2743959337047,-12.5857868359372,-10.2942921419844,-0.87953559156133,0.924614355390026,-0.214006475659707,-0.315962309621369,0.321623701946281,-0.949898518371261,-0.636877308777925,-0.224591237179862,1.5028129176076,-2.17668693603909,-0.649616073704672,-1.3984039369808,-1.65094971894341,-1.30083064264879,-0.992752605208369,-1.19674719064157,-0.60486394321914,-0.768882282938938,-1.1367060271636,-0.830161316329611,-0.36288425818396
7,"NO","Tetr","FBF","PAIR","ALN_PAIR","ALN_FBF","Arachnida","Tetragnathidae","Web","Tetragnathidae",-12.2878842574441,-11.6217453507522,-11.6292778772766,-13.9708986790577,-11.5379069488857,-8.73925215678321,-15.1253752083086,-11.9375418361918,-8.23131102223362,-5.82593430501052,-12.4560595642638,-9.39557741436009,-10.6601045719351,-7.09032457860251,-5.62162285389207,-6.68259986045076,-9.84246941662558,-8.91221078890137,-11.9954709045816,-8.06913908953327,-9.20744249001066,-10.6455895576061,-9.95322820343528,-11.7524872091427,-12.6175474389871,-11.6392760452017,-10.7621862250494,-10.5873444854782,-12.7944307726708,-14.3098934804507,-11.5542761015452,-11.8270695314774,-12.268393676571,-12.1688379564972,-14.296499383787,-13.5379091917331,-11.0577941615719,-0.0318209514749175,-0.09253003383134,-0.404536196569223,-0.876367386595582,-1.30032677529415,0.108996905451463,0.906803376679525,0.847104337381065,0.237234783238297,0.301816309910874,-0.84209865059089,0.0798805826858689,-0.68040815152992,-0.625740268238764,0.691074169625074,1.47865750401408,0.228820711542732,-0.269712968495086,0.566039622087228,0.632729717164565,0.462745947562849
7,"RO","Tetr","UBF","PAIR","ARG_PAIR","ARG_UBF","Arachnida","Tetragnathidae","Web","Tetragnathidae",-13.2128710804465,-11.8152928571626,-12.6769485250375,-12.820564995429,-12.8077087183667,-9.9415995357328,-13.72424480528,-12.1052008671208,-10.665471215268,-6.72016341580903,-12.6825320510604,-8.6372351392682,-10.4169047072353,-7.04603907200259,-5.22131388096172,-6.44888374452248,-8.68319989839822,-8.46503119520856,-12.1193291068224,-10.2802532283645,-9.51846636556383,-12.3888829113233,-10.4423447373397,-11.4090474231549,-13.2939577621899,-12.3160318302173,-11.0541561818074,-11.4573612326605,-12.570546263337,-14.3467171887689,-10.3602262542728,-10.4420723692684,-12.3615561926561,-12.1482190914599,-12.8652910925837,-12.3530651386311,-11.0358052810083,0.534748742474033,0.383818150023326,-0.307175238225491,-0.383010995921922,1.00480308716964,NA,0.967685740541587,-1.16190728750475,0.398214412049323,1.09590185533212,1.11582797697333,0.462620145904013,0.690187753298219,1.16295565373059,1.32463376912018,-0.664625616868376,0.792642367983954,1.80471199443724,-0.570014321759234,0.946698618235172,0.118397098012212
7,"SE","Tetr","FOR","FOR","GRA_FOR","GRA_FOR","Arachnida","Tetragnathidae","Web","Tetragnathidae",-9.78133071394165,-11.5397879244333,-10.9878283407244,-13.3411259922534,-12.4339521931114,-8.68833446497313,-14.5770048264122,-12.2220297620845,-9.14822229334434,-6.52689570469725,-12.3318457563862,-9.13813731972135,-9.21050500247402,-6.27233346654447,-5.49765092452606,-6.83418826097109,-9.09737142563242,-8.56293980053851,-10.481933490945,-9.43463085415098,-9.06039800683763,-10.3123622789969,-9.66205612995621,-11.5714286406748,-11.1528200538082,-11.9241606744951,-9.56553336991242,-10.7644101589734,-11.7529473581472,-13.6152253135379,-10.4168382729562,-11.4318984817807,-11.0612260904713,-11.9268219085545,-13.2060436637835,-9.40904728001639,-10.9795764060368,0.410314396296146,0.158577740427956,1.48534834714977,2.07198598764579,-1.09408189598747,-0.324648897252145,-0.342700454450234,1.09261380130959,-1.82078979457673,0.787382753093481,0.664428959727442,0.826631616487076,1.30502287138137,0.269590792350145,-0.324088592991732,1.93133027555382,1.1656180129575,-0.831644270701044,0.971176265976265,-1.06146002096054,-0.641089818860515
8,"BE","Tetr","FBF","PAIR","BOE_PAIR","BOE_FBF","Arachnida","Tetragnathidae","Web","Tetragnathidae",-12.0802116775467,-11.3866857036859,-10.6787630479241,-13.3123658637433,-12.4101718940529,-9.67471931088038,-14.4047354332638,-11.6551044938062,-8.78409670950164,-5.98611339589897,-11.9737444663127,-9.70116443427118,-10.6620837806599,-7.84777420173504,-5.73205433799989,-5.75915196557975,-11.2167834107029,-10.5116872272706,-13.3615984233161,-9.90720190059398,-10.2750752827668,-10.1354691536617,-9.8962605125342,-11.53608649491,-13.2896126985395,-12.5094262202811,-10.3089274031838,-10.9775824850315,-13.1531060511498,-15.6576051663498,-10.7790459883289,-11.4978862293982,-11.3950573518404,-12.2417400557679,-12.5707613534733,-12.8213085240855,-10.4393407922442,-2.03760375731331,0.207598029808188,-2.02323233485739,-0.880381174626675,0.127867524199854,-1.09895527488511,-2.03529238091502,-0.321993669366097,1.11367498396968,-0.194786288996825,0.110746606734468,-1.09148206727352,1.11063015771326,-0.600709604494427,0.430027710603607,-1.25536253880607,0.982567403608737,-0.831644270701044,-1.20355194806671,-1.82683653182449,-0.0849803532769584
8,"RO","Tetr","FBF","PAIR","ARG_PAIR","ARG_FBF","Arachnida","Tetragnathidae","Web","Tetragnathidae",-13.4856706494196,-12.2483511725619,-11.1437409422599,-12.8259936169959,-13.1507138894349,-8.46474081866217,-13.8159036302468,-12.0677876075488,-10.3572576296412,-6.78678273256769,-12.9989300754986,-8.84731328361675,-10.2910029057163,-6.41650742590689,-5.37041412807066,-6.38294009803026,-9.30386755010789,-8.79370023291963,-12.0255984401763,-10.8151508857604,-9.55927294259115,-11.8758029357276,-10.3690644824917,-12.5545551517434,-13.7118917498512,-11.4097201361808,-11.0466396662165,-10.9308563108921,-12.2359761933012,-14.5452815940977,-12.1250495186313,-11.9626945042036,-12.5834276153694,-12.8144990422523,-13.5169588260657,-13.392663230863,-11.0963290359163,0.11792444710142,-1.20455340519406,1.13392988159029,-0.127470920806606,0.689121702332746,-0.451294968503414,1.26072097571733,-0.71604544355904,0.499329913717384,1.12983542271297,1.13129287097719,0.228853800344242,0.917410361335342,0.587621215613046,1.26811641069759,-0.416513010822515,1.1356929177701,1.18013979427244,-0.22924376071272,0.246874382294184,0.642983098717123
8,"SE","Tetr","FOR","FOR","LAF_FOR","LAF_FOR","Arachnida","Tetragnathidae","Web","Tetragnathidae",-10.9113639231422,-11.2404037750211,-10.2151358999761,-12.694903894019,-12.0712959107694,-8.54142967313753,-15.1161439627686,-11.6738241231782,-8.87906007131236,-6.20430380664552,-11.9664403120129,-9.23716229194072,-9.66877716084001,-6.36399839832285,-5.56633589862131,-6.87773046382422,-9.52973142851651,-8.55165319261882,-11.6914777183904,-9.3139987725072,-9.1176374791342,-10.3860126545174,-9.63174526278958,-12.4379110313885,-12.0061068747342,-12.1951472191194,-9.7094273625303,-10.296373471327,-12.1317182539547,-13.2969196892593,-10.9205336612972,-11.3954485745159,-11.4519039777559,-12.0417434227427,-13.0330057130159,-9.5164651043144,-10.4555307618093,0.424646380754521,-1.04285944570956,1.26069413397326,1.13735516057334,0.475044601877872,-0.328618382745218,0.264222891294917,1.45944104793933,-0.716462394608463,-0.842770717907216,-0.100964284174099,0.0149152417541196,-0.799854171396507,-0.807601516507087,-0.632657713191833,0.201032513662494,-0.637212760460677,-0.747325432491736,0.233812389723748,-0.338521144893812,-0.637578413193811
9,"BE","Tetr","FBF","PAIR","ZIJ_PAIR","ZIJ_FBF","Arachnida","Tetragnathidae","Web","Tetragnathidae",-12.0424411336004,-11.8923169002716,-11.2911451214669,-13.4825883160087,-10.9906258023237,-8.32301721315607,-14.5315610434778,-12.1727817811093,-9.66886216842214,-6.43017440202981,-11.774057442103,-10.1730219540232,-10.3738514778849,-6.98552885721098,-5.56251207638564,-5.88088149844871,-10.1300617600256,-9.69120830943272,-13.1109271675862,-10.0201440926387,-9.45511834017182,-10.5944902528859,-10.059905517492,-12.6711651937518,-13.9311899846486,-10.620848159043,-10.9198591121637,-10.9688866255276,-11.1193520916253,-15.5850419021856,-11.6254042330312,-12.2067422369115,-11.9155966900016,-12.4048565352931,-12.5755013049857,-13.9319444136372,-10.6910464133211,-1.01127272407215,-1.36619352891323,-0.173481013036755,-0.295638201366836,-0.0327534455459304,-1.10740711633099,-2.11935715073728,-0.148065890652198,1.44020457578936,-0.312367277094615,-0.254931971438157,-1.14831939332092,-0.174925438201363,-1.02698638596982,-0.233750042556738,-1.25406635544729,0.260405733191828,-0.831644270701044,-1.21888521274629,-1.00735592700342,1.00003872944424
9,"NO","Tetr","FBF","PAIR","HOV_PAIR","HOV_FBF","Arachnida","Tetragnathidae","Web","Tetragnathidae",-12.3862080411431,-11.8624143075129,-10.34584191618,-13.8393316663746,-11.2266651337578,-8.10996917597937,-14.9514812067059,-11.9575944676307,-9.19877151760755,-6.0312039546036,-12.4018987795654,-9.07585157795886,-10.5860117725465,-6.57237701038921,-5.7741360983894,-6.55382208012407,-9.47748767857904,-8.20416581995061,-12.2199944959365,-7.83721894564918,-9.05555790262291,-10.7056536475069,-9.94228136068939,-11.9039990493903,-12.749390996862,-11.4465450015841,-10.4461776234745,-10.6520308242258,-11.6638837636376,-13.8143785718697,-10.9771354328256,-11.7233691486452,-12.0129790665755,-12.0804047453378,-14.2812137363214,-13.8239840049468,-10.8682356649223,0.867635454486038,-0.302632258622063,0.764834412673037,-0.726095324994434,-1.07505113383238,-0.986627494579279,-0.0678076540699378,0.529454100337013,-0.776539646802999,0.856781334240734,0.632007578275671,0.641916075767902,0.326050936559182,0.834126125879484,0.784157351990232,0.602109134685914,0.428219924553064,1.19389209599724,0.512846380697412,1.60864089735411,-0.456130684201143
9,"SE","Tetr","FOR","FOR","FIB_FOR","FIB_FOR","Arachnida","Tetragnathidae","Web","Tetragnathidae",-12.2111491847023,-11.9729043570602,-11.5259988206157,-13.2647127925929,-12.2990085449883,-9.01587218476575,-15.6080059137641,-12.1131065802909,-9.77574203533291,-6.48238349435343,-12.3492324384867,-9.1141721805748,-9.59651786603086,-6.49896328117887,-5.44678131547157,-6.5943520668709,-9.28119644238761,-8.71437136621156,-11.0844622716216,-9.02280545974378,-8.75636693030023,-10.4158065290094,-9.67016652895991,-11.5438510836111,-10.9675795125662,-11.4738606305664,-9.90446613256305,-10.5167553601725,-11.9650763789177,-13.5061311966804,-11.1266757560488,-11.5904772236487,-11.7078609830173,-11.9904457788631,-13.5168197946119,-9.40494648659865,-10.4185887854784,0.218310775957576,0.196828242458436,0.937416298571045,1.28451045416701,-0.895582417012209,-0.62312095653481,-1.38948779601566,1.28039144166553,-1.65775146411221,-0.0350400219010563,0.311187356407619,0.519720273536077,0.774056195102676,-0.155425013876668,-0.571865241567301,1.87292092957671,0.588235744356886,-0.812053212193684,0.702966651392692,-0.700273582917687,-0.637846716818814
