"Site_no","Country","Taxa_code","Type_1","Type_2","Site_block","Site_name","Group","Genus_family","Mode","Lowest_level","FA1","FA2","FA3","FA4","FA5","FA6","FA7","FA8","FA9","FA10","FA11","FA12","FA13","FA14","FA15","FA16","FA17","FA18","FA19","FA20","FA21","FA22","FA23","FA24","FA25","FA26","FA27","FA28","FA29","FA30","FA31","FA32","FA33","FA34","FA35","FA36","FA37","EPA_perc","DHA_perc","LNA_perc","ALA_perc","Spider_body_size","chl_a_m2_day","Width","Riparian_PC1","Catchment_PC1","s3","cd1","cy2","dis3","dis4","life1","life2","wnb2","wnb3","wnb5","EPA_ALA_ratio","Lycosidae"
1,"BE","Lyco","FOR","FOR","DOR_LDS","DOR_LDS","Arachnida","Lycosidae","Ground","Lycosidae",-12.7899264350728,-12.4236267696233,-12.2062640979369,-13.538960313852,-13.7400694705048,-7.7317603941634,-13.9316194714494,-12.5204542880964,-11.3876065592664,-6.23343296985,-12.5546320803806,-9.96918464822831,-10.4467107500014,-6.92319293814268,-6.04676050800974,-5.63463930151333,-9.5688397791287,-9.20638398067169,-12.5488131182867,-9.86198434431724,-9.76668269013364,-10.9951526551788,-9.13167854896599,-12.3116352749064,-12.6260017193728,-12.4832185149545,-10.6280322108664,-10.6768363781841,-12.7236946246088,-14.9905839985196,-10.4804790093212,-10.3141660937351,-11.5537288624115,-12.6932842349657,-12.7859105427242,-12.8864607565172,-10.1094484397387,-1.50111041481453,-0.916048750121554,-0.346498381925351,-0.558175982382899,0.149372583493521,-1.36927196882801,-1.35736793494172,-0.239231716581272,1.27498225729553,-2.45825479084059,-1.65093683096188,-2.76336417512135,-1.87289187513979,-1.88047378502249,-1.86983446859674,-1.40331366514663,-1.59949842263751,-0.777010935795954,-1.30989207641434,-0.794645578262172,-0.295630066050594
1,"NO","Lyco","FOR","FOR","AKE_FOR","AKE_FOR","Arachnida","Lycosidae","Ground","Lycosidae",-13.3677795707008,-11.6624827752156,-12.5012281271939,-14.3464189214199,-12.9158910586429,-9.37420203873337,-14.9214723183343,-11.2156522003917,-9.93051915390916,-6.07503153628147,-12.1628849551443,-9.61464560103127,-10.6826591614694,-6.93640530594355,-5.56251998504361,-6.36384109773218,-8.69962315241232,-8.35260498964277,-12.1388250426238,-9.28901040451744,-9.12191143263678,-11.4016450792759,-9.51220788073638,-12.0130916203605,-11.0805062604934,-10.9621246346477,-10.7584892335736,-9.69886317435509,-11.8805008072458,-14.6665846649967,-10.3393020629641,-10.2945001940585,-11.251414644298,-12.9102989281144,-14.8029454926169,-12.046800937745,-10.7987234874116,-0.0501829905972529,-0.614773025369837,-0.383532788031909,-0.957301456440905,1.1628284954469,-0.808635702471867,1.70238952346071,1.19076900951155,-2.51945407323783,0.752185306792477,0.60350775019759,0.649636272858295,0.382960458978904,0.678997327125467,0.454016363970017,0.905376646591696,0.375716296219374,0.292526052965003,1.43251277738093,0.762222076843533,-0.179894769240446
1,"RO","Lyco","FOR","FOR","ARG_FOR","ARG_FOR","Arachnida","Lycosidae","Ground","Lycosidae",-12.8541581077572,-12.304809832981,-11.977505115048,-12.5898214098181,-12.3286181599796,-10.028967983569,-14.6501398318398,-11.7341401452232,-11.7123084062004,-6.88062134893812,-13.3308875075098,-8.56214714157544,-10.0522913686669,-6.7748938843087,-5.40891686810256,-6.16199590773744,-8.40294860575722,-7.73429720087527,-12.0315787743684,-10.0889148684143,-9.21218858651049,-12.2098208655198,-10.45532220592,-11.8124953821717,-12.8922934985489,-12.6831338711773,-10.9584270337816,-10.841049461683,-13.5753961999493,-14.8241562560255,-11.3425113647667,-11.3118791096717,-12.553193676187,-12.1125472867758,-12.4714889579575,-12.7172937341597,-10.7929681307304,1.01863667181326,-0.412311535754705,0.0730236144299624,0.10966098888458,0.800322010282773,1.11386236885749,0.216552435016192,0.0468718036945358,-0.135693571782713,0.416105405987076,0.619129988265801,0.963730956479015,-0.225191687308002,1.314575136563,0.359919004262053,0.968615613903324,-1.19643064560881,1.70794457582366,1.43602137585778,0.744730569478575,3.1103441165685
10,"RO","Lyco","FBF","PAIR","BRI_PAIR","BRI_FBF","Arachnida","Lycosidae","Ground","Lycosidae",-12.1489117028936,-12.1291117785794,-12.2074560464584,-12.7988304194614,-10.9073312528931,-9.70331945204705,-13.8429677954361,-12.1889530014161,-10.5420137698642,-6.62104162971703,-12.6308107107128,-8.68603796243879,-10.3053533921809,-6.33002086526017,-5.44015093368404,-6.41829283674152,-8.90838750137255,-8.25637849072367,-12.8404263420697,-10.2660428505614,-9.78559363970805,-12.023992378257,-10.5076252802655,-12.6792086863265,-13.31228866709,-12.1984154085257,-11.2711693534312,-11.2290974414448,-12.8487206511625,-14.7405440911016,-12.4264317955777,-11.9406357711062,-12.7581420335544,-12.1579518943876,-13.0588021597133,-12.4114525341554,-10.7898095727733,0.114819449334234,-1.28693165077771,1.3868498505305,-0.318932340793867,0.441458341398814,0.167243976631072,0.481396401068761,-0.750611511681585,-0.273826705210914,0.932916685871957,0.797402835284981,0.445050282805474,0.383857120139762,1.20013367779766,0.932810422127907,-0.171724671832003,-0.0144915586982685,1.8060747501988,-0.0911868031537628,0.360579663558636,-0.295630066050594
10,"SE","Lyco","FOR","FOR","OVE_FOR","OVE_FOR","Arachnida","Lycosidae","Ground","Lycosidae",-12.7467584241383,-12.426620961549,-11.8890957030814,-13.681888171812,-12.0754911448766,-9.32956201370687,-14.7792965859508,-12.1756253211174,-9.71690903302182,-6.45976894452598,-12.6725382690005,-9.27326545489533,-8.40170430911702,-6.38195907555043,-5.61333138208535,-6.53677588349727,-8.81061430318304,-8.26947103730772,-9.49288854202942,-9.24459785629814,-8.53982165898352,-10.4184558419008,-9.78927928858461,-11.9971937288862,-12.0206535470217,-11.7721838357718,-10.1784355236741,-11.1940439380833,-12.0838733415207,-14.2804368565779,-9.46953471276225,-10.7131313722694,-11.2956150406078,-11.1838007552531,-13.4039344277263,-9.40040166739335,-10.701913403786,0.0923455449011267,-0.598728264581475,1.22806673877578,2.92531634982458,-0.784811169724338,-0.691371850747207,-1.07102870156824,1.58185284474725,-0.709750013081345,0.487535794744859,0.0326985431773455,0.835217515096459,0.717808518371822,0.209978918111943,-0.824302704553955,1.42294336314008,0.480284345506801,-1.00557792288989,0.699741447472495,-2.37790136929564,-0.702452488507836
11,"RO","Lyco","UBF","PAIR","BRA_PAIR","BRA_UBF","Arachnida","Lycosidae","Ground","Lycosidae",-12.1159370666531,-11.9489077170269,-11.3811754806711,-12.9950336049772,-11.8842979557687,-10.3801416767368,-13.5627976826405,-11.9707004245759,-10.8339767168561,-6.70458180704477,-11.6337825610553,-8.15163519875515,-9.89853035043812,-6.85137356606747,-5.58943176884017,-6.0510041487379,-8.33486429109928,-7.38485240895366,-12.0806736782702,-10.3034531642696,-8.88327609523272,-12.1440441192188,-10.5828677105347,-10.9849000690672,-12.9879996150742,-12.6442884191265,-11.1517989264885,-11.4235179476356,-12.1339128366254,-14.0602576457735,-10.7440551366181,-11.2663006464463,-11.7031131046838,-12.1067395029634,-12.9224990861259,-11.96855917488,-10.4675844735764,1.63514236027434,0.423378087875462,-0.144240226272229,0.370295568009714,0.921881067732842,0.885347221886439,0.57511197137791,-1.55683707094058,-0.313295078507754,0.977826752056645,0.874574023949748,0.0186296501704767,0.326879380398168,0.782708044944894,1.04501260758346,-0.303620878680477,0.865383722941509,0.892427113242464,-0.197649133045529,1.02408448353243,2.2707034808609
11,"SE","Lyco","UBF","PAIR","ORS_PAIR","ORS_UBF","Arachnida","Lycosidae","Ground","Lycosidae",-11.008197774351,-11.8535234684933,-10.3197561344186,-12.8569061240419,-12.1532540189709,-7.81141128398734,-13.9334446008505,-10.9531507724271,-8.88546819700272,-6.08726699036473,-12.2104664917133,-9.26333662711485,-9.9459387050395,-6.71570736038178,-5.87144290231625,-6.34020261911592,-8.73184059646112,-8.34530433873696,-11.6210215624183,-8.88555028259344,-9.32318444910973,-10.7344853219163,-9.56402925691376,-10.3296989313654,-11.2562780338844,-11.3941271537742,-9.66183496563386,-10.138959706687,-11.2988917032182,-13.5892725392592,-9.70858163275756,-9.93735466176907,-10.940873356232,-11.7144568148123,-12.7072148178983,-9.04580707280179,-10.7870811394231,-0.0376781282491869,1.08580287544242,0.242612340203096,0.289915447311841,-1.90662128467311,0.584124853701191,1.07201693762683,0.610359804390459,0.208652658099233,-0.314750727023147,0.0591205287276455,0.563704614135664,0.519448185345469,0.0948506903451232,-0.776147098106313,1.51463132415755,0.275098749960466,-0.511060854632847,-0.133610677041983,-0.279984747462003,-0.69596174969351
12,"RO","Lyco","FBF","PAIR","BRA_PAIR","BRA_FBF","Arachnida","Lycosidae","Ground","Lycosidae",-12.555247376422,-12.1903114191543,-12.225406751853,-12.4932284298934,-13.0595356124959,-10.8741733320755,-14.1249430711273,-11.8277108881479,-11.0157166692974,-6.57229936810896,-11.8550042761221,-8.13998965301485,-10.0023267294236,-7.01345825691497,-5.47813760708868,-6.26187698720069,-8.13059004122151,-7.4061895399071,-12.3209705023554,-9.87765443276029,-9.02939873821753,-12.1745789827817,-10.6431073129781,-10.8345355012067,-12.3602423232995,-12.8793449146312,-11.3879954060542,-11.4733864518496,-12.2678523533726,-14.2519040473916,-11.0092150732488,-12.1276316789989,-12.0184367720096,-12.0576102646021,-12.8180513834259,-11.7150984056199,-10.4256901175131,1.59714148384261,0.575315150874578,-0.59850219098136,0.194334020862062,0.318585906102411,0.0367300809867306,1.20278426466838,-0.778404634692139,-0.285567254584189,0.635665355938247,0.886684873719636,0.401185635613873,0.633934093030107,1.03594961842335,0.905433461399276,0.0777453850524572,0.338896826971567,1.25746613830811,0.32539598789588,1.14191897801975,0.247153542514261
12,"SE","Lyco","FBF","PAIR","ORS_PAIR","ORS_FBF","Arachnida","Lycosidae","Ground","Lycosidae",-13.0283338401213,-12.5449297067519,-12.2005877830528,-13.1545458261125,-12.5267369656713,-9.11839183101631,-14.5471568289815,-11.2151878938021,-8.91438268027707,-6.06336068929371,-11.8493261317949,-8.815807846832,-9.72185510189365,-6.73921572337369,-5.78655621382619,-6.54815859242985,-8.41595174174091,-8.01671259279706,-11.6729426353726,-8.95719314304937,-9.21724951303166,-10.6020525643752,-9.18416728043301,-9.74727562136065,-11.1138655529905,-11.2876129152402,-9.58907203413793,-10.2646106214395,-11.7472974964603,-13.7714607746286,-8.95802486979189,-9.76864950857495,-10.2380882508362,-10.7187425820113,-12.5672456334383,-8.99387967774416,-10.3416750343543,0.527704421407028,1.67583945103357,0.175094383876183,0.670021167671399,-1.39455752744771,0.549595755916127,1.78340056631187,0.875413421358298,0.0984876366477682,-0.318842106137062,-0.428351656999242,0.608304621059408,0.0540580052254965,0.11179909735689,-0.807103120820089,0.961998084671771,-0.0236736389027784,-0.757758070069564,-0.348375974433505,-0.130771843060472,-0.671307479331135
13,"NO","Lyco","FOR","FOR","FRO_FOR","FRO_FOR2","Arachnida","Lycosidae","Ground","Lycosidae",-12.9086408465216,-11.6790959027733,-11.8663346168351,-13.8137846479154,-12.6706879140875,-9.61077405310842,-14.7750415717289,-11.4494100296886,-9.42179347912736,-6.13424549154847,-12.0227474798514,-8.79741781782379,-10.2108387106481,-6.91548240436572,-5.74000086959189,-6.13647257956188,-8.56214133329329,-7.88484504035552,-12.0149569670898,-9.79074650401549,-9.29555354452281,-11.5963757455884,-10.1009202792355,-11.7253656704626,-12.1598607971965,-11.7551717348304,-11.0062684680326,-10.4640487847824,-12.7680009725004,-13.2420034613567,-9.19018729923869,-9.09105565894478,-11.128242450204,-11.837857312664,-14.7257111453609,-12.3129516172466,-10.6059144827039,0.756260825354986,-0.324362684320985,-0.324861289492425,-0.158906909059799,NA,-1.3906811873205,-0.109560878424807,0.945782859603919,-1.11511732383166,NA,NA,NA,NA,NA,NA,NA,NA,NA,NA,0.756239072640047,-0.568941309520437
13,"RO","Lyco","UBF","PAIR","SLA_PAIR","SLA_UBF","Arachnida","Lycosidae","Ground","Lycosidae",-12.563777901141,-12.0723597790534,-12.3624211509634,-12.5205185213626,-13.7040710035912,-11.0090961779086,-13.8408180010438,-12.6436819725074,-11.3835546184291,-6.89831660412324,-12.559119466345,-8.84614095543434,-9.94534284532224,-6.48258923688857,-5.37628761150749,-6.28549844514692,-8.76805174689281,-7.83466347055399,-12.6089673485455,-10.6682051520113,-9.35414090538756,-12.4182425446499,-11.1696047379277,-13.0070897022091,-13.5200567417232,-12.5481921315907,-11.4018253766331,-11.7058834874672,-13.682773813773,-15.2419678559455,-11.4879288705315,-11.9791320794277,-12.7654908002228,-12.5010328744035,-13.2380293764478,-12.6190351724403,-11.0295263156879,0.84353546080693,-1.61772845430737,0.92502127124062,0.290925603554746,0.552173823364474,NA,-0.378897452679814,-1.83888291857363,0.206533114555578,NA,NA,NA,NA,NA,NA,NA,NA,NA,NA,0.448573021940083,1.17196167763733
13,"SE","Lyco","UBF","PAIR","TEM_PAIR","TEM_UBF","Arachnida","Lycosidae","Ground","Lycosidae",-12.5303507923852,-11.7096894165411,-11.2843879241394,-12.3696409688377,-12.3941160652768,-8.16793660294764,-13.6729933172393,-11.0279513001888,-8.43336282486246,-6.01357257565534,-11.7588660554785,-9.14836804354916,-9.91544414675317,-6.7839673078179,-5.83909528385179,-6.48627051512922,-8.51380473188942,-8.11273313076032,-11.6660241843633,-9.29611265752021,-9.22679469585718,-10.6804446742654,-9.85378536185594,-10.1030121544035,-11.5395407987015,-11.7595206504149,-9.74733805995361,-11.0673973936953,-12.3728115217772,-14.2413774097576,-9.13200456296245,-9.40377974122506,-10.5757812282074,-11.6865239823851,-12.0907475105307,-8.96463724794388,-10.7905497318223,0.361926857697378,1.31527793095273,0.0471403895040152,0.341616352446628,0.580949746857378,-0.406908340070476,-1.08814816852422,0.368087855454144,0.416182066493577,-0.685592703757463,-0.137582512590854,0.316263279691924,-0.896673799167784,-1.28905591117403,-1.17790462812538,-0.137641191619749,-1.02240758253998,-1.00557792288989,0.294284489526253,0.00866812943947854,-0.708251446932023
14,"RO","Lyco","FBF","PAIR","SLA_PAIR","SLA_FBF","Arachnida","Lycosidae","Ground","Lycosidae",-13.0563976318148,-12.3982971109735,-11.5061710583236,-12.8027678465996,-13.4770188758894,-10.4170531318366,-13.7929976737154,-12.5243333329873,-11.0800752677822,-6.77909086534645,-12.5067684470727,-8.45229787789402,-9.95305539664758,-6.61607087056596,-5.50111418844536,-6.15251448504329,-8.31007132952381,-7.6617595502838,-12.0441870707509,-10.446103224999,-8.8121450059678,-12.4162598631344,-10.9763380157343,-11.4351090546082,-13.9509424806207,-12.0082860400765,-11.4085531699163,-11.870098258799,-13.2320836497332,-14.3130314387269,-11.6824305260169,-12.2233424596488,-12.5862038678562,-12.063870694175,-13.6126084033775,-12.8018701696965,-10.9975731810297,1.14567933437712,-0.0313296963944383,0.531263144218192,0.277850797894295,0.591727808305441,1.31678403608617,0.216552435016192,-0.402287201120535,0.407841695334788,0.677336624358038,0.237060619605637,0.613992293833097,0.989776771022301,-0.1536576834018,0.885530301840094,0.400024392301736,1.1171727590505,-0.534014196657866,-0.0226126834721155,0.706541766674541,0.667381195499026
15,"SE","Lyco","UBF","PAIR","JUM_PAIR","JUM_UBF","Arachnida","Lycosidae","Ground","Lycosidae",-11.4069872114429,-11.6788357873136,-10.9174512844416,-12.6486220507218,-11.218420764302,-8.22199322790936,-14.283806728605,-11.7670190591772,-8.97101584491762,-6.0922639033855,-12.2664222424523,-9.40057791482778,-10.2261748205183,-6.73440010713433,-5.66772011080236,-6.4686005303237,-8.97707546965919,-8.56938718071629,-11.9825237603144,-9.21592712607269,-9.36736210481994,-10.6257814977059,-9.61026649837556,-11.1371911018337,-11.4336525787118,-11.7266298399972,-9.91400370332444,-10.826769665293,-11.9832923257384,-13.3917372065056,-9.75904052262752,-10.0528643211993,-10.9249057325492,-11.3398232969701,-12.9162690586538,-9.02289055457729,-10.8560359755418,-0.420571067327029,0.269533613932743,0.188907893858375,-0.184876523634008,1.07788768624057,1.21570924965524,0.892732430394648,0.158875143145546,-0.871296431472411,0.0650760195538056,0.0717683588914472,0.629833705925104,0.629911565121815,-0.0562173461121406,0.164412907966753,0.767328772883779,0.643008996293552,-0.612460555749012,-0.00217043514716711,-0.199698103465959,-0.653643903384504
16,"RO","Lyco","FBF","PAIR","BUG_PAIR","BUG_FBF","Arachnida","Lycosidae","Ground","Lycosidae",-12.8310209435454,-12.2525026360169,-12.6096717972377,-12.5315103577053,-13.3452011699191,-10.0427997811112,-13.7016460665275,-11.7198482451113,-10.0872442360523,-6.51587482718178,-12.454667658355,-8.76224884957782,-10.0542134481193,-7.01107302807591,-5.40285302770818,-6.24157444122338,-8.68494371246493,-8.0068698864709,-12.046185772664,-10.0397823732885,-9.34554905818094,-11.8940743564432,-9.74195130552376,-10.322602898679,-11.8441314007539,-11.8263114440111,-10.6650333844881,-10.5205954475768,-12.7810737479461,-14.7730795381184,-10.6797390499517,-11.6595607541916,-11.5688261953974,-12.0041690754811,-12.6209243933324,-12.4948406692086,-10.7528917233832,0.54472716880501,1.09298342120987,-0.591872645300629,0.106404087282839,0.0495026189715122,NA,1.01508520536495,-0.183065806083922,0.828671546020763,0.888649540041797,0.711257177302534,0.464759893615987,1.34940091556243,-0.0574345828169684,1.19399639070986,-0.903573996657323,1.41079951815787,0.0692340513285577,-1.00736951979452,0.358157262471156,-0.00406444380377831
16,"SE","Lyco","FBF","PAIR","JUM_PAIR","JUM_FBF","Arachnida","Lycosidae","Ground","Lycosidae",-13.053336574295,-12.278646651433,-11.9929070560679,-13.4305094736558,-13.4055105449439,-8.80985886066695,-13.4327871334122,-11.2919474810514,-9.42075432640829,-6.13059201418961,-12.328352650814,-8.85514286469894,-9.91490341816933,-7.34267783599806,-5.72042179771495,-6.23364433911351,-9.12070094877937,-8.87007587783673,-12.1616404062258,-8.84460861593338,-8.88521429274438,-10.2982570998568,-8.71555552903801,-10.5929445322966,-10.7455946262997,-11.6961386429374,-9.5474298954237,-9.98953466346869,-12.1582536265435,-13.4100399693086,-8.58150687056891,-9.09277661971958,-9.30899817597749,-10.9328366233953,-12.4045792405761,-9.01897361116659,-9.86491092576243,-0.931836520834559,0.819529404257721,-1.50044273884384,0.342533180558755,-2.37062892587089,1.04183495719929,0.385292641305205,0.805440664036077,-0.733601427834411,0.39986277677298,-0.763868448686112,1.22931049414813,-0.838216611215209,0.263264739686145,-0.965387599882098,0.638628085354674,-0.864761813513517,-0.709371734605151,0.712378329642142,-1.07401515608555,-0.706697597164576
17,"RO","Lyco","UBF","PAIR","COB_PAIR","COB_UBF","Arachnida","Lycosidae","Ground","Lycosidae",-12.7301812529454,-12.04522984568,-12.7927492132795,-12.7085934291745,-13.6262355831315,-9.85254911587166,-14.0270859822403,-12.0063552751014,-12.0710587641795,-7.15431945346193,-12.5830513664099,-8.90824769590286,-10.1957375225659,-6.23289635358973,-5.37672890406308,-6.2835917814355,-8.94770111866198,-8.33691422098466,-10.7563062334895,-10.4071970132244,-10.0467209713069,-13.2619663974855,-11.0338486064398,-13.2505642272117,-13.8119052367125,-13.3449883335186,-12.3207876753392,-11.5931310243172,-13.7882799355826,-14.5679515426299,-12.4047447387587,-12.3311003478305,-13.2828797735308,-13.7203602734539,-12.6717847221896,-12.3235606595882,-11.0053067679152,-0.0233044650451889,-1.8633520039856,1.68865080385003,-0.133333680777261,0.672468808650459,-0.764991192284854,-0.236503420693671,-1.75922479139979,0.0124650322551038,0.138611554633082,0.931035064132147,0.226891677295549,2.34136703271205,-0.0886672567047373,1.2490348386812,-1.2020364719959,1.80692240366762,-0.850967537299578,-1.11836475541453,0.0889135499629078,-0.0894023573519404
17,"SE","Lyco","UBF","PAIR","LIS_PAIR","LIS_UBF","Arachnida","Lycosidae","Ground","Lycosidae",-12.2021729190997,-12.0172226881633,-11.2406945091322,-13.1712203421962,-11.8493925062291,-8.19611655304875,-14.2879728246773,-12.3376766780929,-9.27758127181846,-6.15007386426011,-12.6407121503892,-9.29850142023262,-10.4325747216459,-6.80828322643153,-5.63058282982935,-6.31565360931528,-8.84942814560855,-8.42544951895992,-11.9959437012405,-9.63888973549779,-9.31870137806849,-10.7617354361922,-9.74998591377533,-10.7399366813982,-12.2049910728492,-12.2371356479749,-10.281487457459,-11.2153111608858,-12.7293031119246,-14.0968366122357,-10.5842716122983,-10.5417163434512,-11.7654045432904,-11.9901897803321,-13.1730013406837,-9.4215439818349,-10.6629134364659,-0.174837360975246,0.670925769462446,-0.0220790896204215,-0.534255747835214,1.2077804441646,2.10245129296397,-0.6558502140604,-0.649576977218765,0.642354096972152,-2.47454295175353,-1.56955477896706,-0.571399150000559,-1.68201517213076,-0.595702237216218,-1.81532072397655,-1.39807323753782,-1.42957106092327,-0.913190554474818,-1.29335665373615,0.300834204649176,-0.613000924730405
19,"RO","Lyco","UBF","PAIR","POT_PAIR","POT_UBF","Arachnida","Lycosidae","Ground","Lycosidae",-13.2705770776493,-12.1859152414078,-12.6649369150691,-13.0677209365678,-13.279374253987,-10.0098535009235,-14.3391329969591,-11.565717698847,-9.63961598011775,-6.4044186812982,-13.2580493765686,-8.73747651248133,-9.97321700596687,-6.84554044143317,-5.53578938230806,-6.17626305950249,-8.87727442464349,-7.55011566724626,-11.9141268214881,-10.4800793354648,-9.33761493748042,-11.9583571612976,-10.4880351516203,-10.3315211420402,-12.9749026113224,-13.4690350409559,-11.0100715168227,-11.9001200086491,-12.7256321499826,-14.6045868947701,-11.3118291852602,-11.8425820130586,-12.3683204816802,-12.3104731304868,-12.7142814228143,-12.1680229304094,-10.8503348434272,1.34210752950382,1.08395898911964,-0.127739999470634,0.243673805515439,0.515844979058656,0.849628976535215,0.2638397420437,-1.65018593862696,0.37505859060142,0.127569793969344,0.89143981562153,0.177703095514527,1.96959464233609,0.206808494507793,1.04850117818114,-0.279260904938697,1.45951606807077,-0.482457341209147,-0.157459784535176,0.89479287180097,-0.434241529787844
19,"SE","Lyco","UBF","PAIR","BUR_PAIR","BUR_UBF","Arachnida","Lycosidae","Ground","Lycosidae",-11.7757143554974,-12.3779315841621,-10.8765792473147,-13.3765327533606,-11.371587296868,-7.44138518472057,-14.3999629676317,-11.5761567398835,-9.07942544453283,-6.0680012654287,-12.1489670720311,-9.0951274541498,-10.368976544541,-6.71462620681303,-5.79147282139349,-6.56399916991672,-8.66005281115511,-8.14157957600629,-11.8106942503196,-9.09929263304219,-9.2790225339182,-10.6874549862019,-9.74367675217204,-10.9255191905123,-11.609637894772,-11.6406118952784,-9.99327946051099,-10.8913762292851,-11.9825698883514,-14.2001184154511,-9.7505629703254,-9.91794607869454,-11.0158915930932,-11.4044134836482,-12.9297249492769,-9.21379023275172,-10.8199084848333,-0.879652060510327,-0.211805566800492,-1.67424499914895,-1.61389560096974,0.628787536737765,0.536441779765589,1.50046638768459,0.232666633182097,0.00714794572059421,-0.346172318457816,-0.194995449653862,-0.0513966840732027,-0.380152100982369,-0.497125762823808,-0.0216170886032353,-0.658186519402887,-0.119777703329819,-0.111769138381463,-0.412174165084187,0.615472071900587,-0.599876463178663
19,"SE","Lyco","UBF","PAIR","BUR_PAIR","BUR_UBF","Arachnida","Lycosidae","Ground","Lycosidae",-11.6258891993229,-12.2721252910567,-10.9570438298652,-13.3249172533696,-11.5063420170463,-7.45850948034029,-14.2340050075205,-11.6755004814605,-9.11459346441055,-6.07407319852195,-12.2002997641456,-9.0892188376675,-10.3863975810708,-6.71208629763704,-5.79328693153546,-6.5420495713207,-8.67150281950799,-8.15022897483165,-11.7827452852557,-9.08447969870145,-9.25533676552347,-10.6903929670499,-9.72810083478861,-10.9162062513466,-11.5758660254778,-11.6009281347142,-9.9520579847039,-10.9310816595361,-11.9880068364493,-14.1520697986163,-9.78616253481164,-9.97799471065764,-11.0231441007267,-11.4301862436698,-12.7686783002712,-9.184579542137,-10.7946185914107,-0.879652060510327,-0.211805566800492,-1.67424499914895,-1.61389560096974,0.628787536737765,0.536441779765589,1.50046638768459,0.232666633182097,0.00714794572059421,-0.346172318457816,-0.194995449653862,-0.0513966840732027,-0.380152100982369,-0.497125762823808,-0.0216170886032353,-0.658186519402887,-0.119777703329819,-0.111769138381463,-0.412174165084187,0.628008336831256,-0.599876463178663
2,"BE","Lyco","FOR","FOR","VER_LDS","VER_LDS","Arachnida","Lycosidae","Ground","Lycosidae",-13.0864367323188,-12.5534090777337,-12.476657161494,-13.2017147179756,-13.4649245149676,-9.80580483510393,-14.4405654970156,-10.8380926799802,-9.79060825577373,-6.21187594504848,-12.0251114232532,-9.6340154946305,-10.5823449044873,-6.94411380195344,-5.59491649519681,-6.070414342356,-9.45088666155563,-9.22083858727083,-12.5045284330197,-9.26578582687991,-9.80978419981494,-11.2531591947065,-9.59575179995931,-9.98976515669483,-12.242545732263,-11.1569194713073,-10.491475506676,-10.436953270255,-11.7476330266421,-14.6627961292854,-9.16006454132635,-9.85464617359476,-9.99172407989167,-11.4517916804846,-12.9798496481048,-12.1921621438814,-10.6803770580864,-1.52552980249198,1.42999446873785,-0.405115688215922,-0.787641267778187,-0.0232358065006495,-1.39880315189165,-1.85675907457946,-0.724576558348788,1.1672342135862,-2.8363522380234,-1.69299633580196,-2.99359970116866,-2.00441854763334,-2.04834380547607,-2.11043715745346,-1.40544943064013,-1.6540086641464,-1.00557792288989,-1.27783168525908,-0.621499963872231,-0.295630066050594
2,"NO","Lyco","UBF","PAIR","AKE_PAIR","AKE_UBF","Arachnida","Lycosidae","Ground","Lycosidae",-12.9436596559245,-12.7392800766382,-12.5587476274704,-13.8757290530662,-13.0628900607161,-10.3255056797295,-14.5404756482846,-11.3735154834739,-10.9685899021734,-6.596179849748,-12.1357926303089,-8.83980034690988,-10.3478443436563,-6.05481508848163,-5.84907226940798,-6.25070373282088,-8.15176549041861,-7.74460437089085,-11.4502803099299,-8.41832751694798,-9.22610128671615,-11.4787453916782,-10.2935540075558,-11.8080411057253,-11.9332347737005,-11.5705277930929,-11.0299971093993,-11.0829772897601,-13.7085168375642,-13.8493044233705,-10.7613839321656,-10.9860721877976,-11.0997461737046,-12.4041224248346,-13.1519103424352,-11.6933016761058,-10.8386368317513,1.00061924586137,-0.407815523684729,2.2614519666828,-0.39085828174349,1.34828660742943,0.810057370933039,2.26933508866587,-0.249566791336862,-2.06068886102002,1.04965495067083,0.73874559482309,-0.505721907254186,0.0488874155051568,-0.244481703470665,1.1125954805506,-0.662028907225673,1.61587670968527,-0.905805146436316,-0.628820633249688,1.15229804194182,-0.527156723241283
2,"RO","Lyco","FOR","FOR","TAR_FOR","TAR_FOR","Arachnida","Lycosidae","Ground","Lycosidae",-13.6623997807893,-12.763954171758,-12.2812857133307,-13.4454898719207,-12.3057842332623,-9.14198622972128,-14.8856506029116,-12.1936771166532,-10.4478507747562,-6.62262890464209,-12.8338562870436,-9.12593026610967,-9.82459039701692,-6.68263649131758,-5.29985218391401,-6.56993096728862,-8.66107718771912,-7.92702222592132,-12.1677545796654,-10.618897912424,-9.64492059974143,-12.6926641208244,-10.789047314225,-12.3732910269788,-13.4912107287994,-12.5144300628997,-11.3017557520541,-11.4073527488919,-13.2009373490255,-15.4341632983177,-11.1748218688542,-11.5986391661353,-12.3969759853942,-12.6163848847879,-14.0194093068573,-13.5405197075033,-11.3126051908439,0.683038623213035,-0.978263313379285,0.337962999792666,0.495697983621553,0.430259115442828,1.34331760682679,0.145256285437653,-0.155716811202102,-0.426026665586649,0.392849892085793,0.593283184627013,1.14424288020261,-0.0699651204445078,0.914415021279606,0.0926584473448781,1.34170889344289,-0.517784232570498,0.794458398061318,1.98599703209006,0.144125241402834,0.367382649587842
20,"NO","Lyco","FOR","FOR","HSK_FOR","HSK_FOR","Arachnida","Lycosidae","Ground","Lycosidae",-12.0801893440595,-11.318975367591,-12.0869011410641,-12.9339280928713,-12.4355228064501,-8.48701151667996,-14.620523395618,-10.441903986053,-8.97430233125861,-5.66388033927167,-11.6865253803407,-9.20282380966249,-10.4096062285335,-7.97219501732614,-5.59202669674458,-6.58445029590817,-10.3925692997664,-9.68950025437859,-12.7059781683729,-9.62115748207995,-9.15949912482312,-10.6485841901538,-9.8844201783049,-11.6666062412599,-11.5969035707534,-11.2602935654707,-11.553288438267,-10.8865149706296,-12.1406161503868,-13.9323735051335,-10.0847288395969,-10.0962207182636,-10.2701897221739,-13.0131067412943,-12.7010098982967,-10.886128715626,-10.6080357785684,-2.31564731513683,-0.265047400056672,-3.1738119027319,-0.495387571397432,-0.644221137209665,-0.728301824605967,-0.0321067293833645,0.73129904563052,-1.5789248788524,0.770290801386083,0.772831702842069,0.793291049277959,0.0388478662554604,0.549612433964581,0.121725601117696,1.04766375394391,0.199095001743274,0.480879049682953,1.40414293257625,-1.53791264130814,-0.714221417310121
20,"RO","Lyco","FBF","PAIR","POT_PAIR","POT_FBF","Arachnida","Lycosidae","Ground","Lycosidae",-12.2762112187295,-10.9537714731577,-12.5879420113822,-12.1767043964141,-12.2417343220995,-11.4898792595011,-14.5832629659992,-11.7414198018292,-11.662769453204,-6.94360446110707,-11.4044710016991,-8.15328459205233,-9.74528242715024,-6.42154940933159,-5.62268363775758,-5.9820148827916,-8.14597856404313,-7.93189987402821,-12.070855833736,-10.2476001312364,-9.81481442008694,-12.285865706546,-10.5383658433109,-11.7504353806146,-13.2960903327975,-12.9017266266372,-11.6036947347852,-11.2127103890704,-11.9969380199197,-14.2700898499356,-12.1399980681657,-12.9738198885969,-12.4150253615018,-12.4311801785695,-11.6031660423623,-12.0405165440276,-10.5887937506864,0.674578199475405,-0.349668690488778,1.10814832423267,0.630260215238592,0.37155484667238,1.09431556875123,0.289667899728428,-0.128776254706229,0.353668065150104,0.339896590625686,0.909952442464013,0.496419792658068,1.71931648794513,0.495355129333428,0.818359415052489,0.425845746849318,1.18081167679635,-0.350383849649985,0.596552524761949,0.0238445213636543,-0.485487953406482
20,"SE","Lyco","FBF","PAIR","BUR_PAIR","BUR_FBF","Arachnida","Lycosidae","Ground","Lycosidae",-11.6065691201573,-12.0366393760022,-11.6437037635771,-13.2231411855938,-13.1978923236139,-9.04800278818796,-14.7120097239061,-11.3377021979289,-9.06010671002626,-6.12701983695503,-12.1868171873674,-8.79649564088147,-10.0123106766889,-6.93661576307463,-5.75646606018895,-6.38057201548752,-8.6297421110061,-7.99108557912093,-11.5754623915333,-8.74196723427911,-9.19002468646151,-10.6215838485979,-9.37207590643934,-9.99722791701907,-11.0362262909312,-11.2154899147623,-9.58420866389617,-10.2484578250676,-11.3655649430971,-13.6462088221279,-9.04454784328756,-9.07386538099957,-10.4065009790255,-11.1547590109873,-12.6661058179672,-8.91329722296906,-10.4794468192448,0.572037744776848,1.42243311615997,-0.384122278231583,0.177413140166937,-0.73076682684852,-0.315780398737292,0.832596158048093,1.41315445082176,0.0144825280099779,0.0793578217999605,-0.245504321963868,0.792731375276735,-0.281011016345407,-0.527632996603029,-0.557849872589137,-0.420911563347858,-0.986065474740415,-0.13728827334761,-0.299969546092662,0.32083264669871,-0.629179623045181
21,"NO","Lyco","UBF","PAIR","HSK_PAIR","HSK_UBF","Arachnida","Lycosidae","Ground","Lycosidae",-12.4385700384363,-10.8526410830441,-11.2447813493136,-12.5705782625187,-13.1056266551429,-8.56626303693203,-14.1519145983923,-10.5779327277683,-8.92959139267182,-5.74703356061432,-11.4685384827227,-9.03592854540736,-10.8653603913682,-7.3086988807446,-5.7649368435734,-6.41342699772612,-9.53652515103762,-8.84316380492801,-12.2666987779462,-9.50240151271162,-9.22890985844929,-10.3085171311978,-9.801018296325,-10.9356539608557,-11.4059448314266,-10.9532914464405,-10.7058291408202,-10.4569540095323,-11.9643625662954,-14.6323280631493,-9.12592689000596,-9.39229140315954,-10.8072962419263,-11.6990999637463,-12.5826556222272,-11.4457042142277,-10.6086845819781,-0.886176440330823,0.473134682084362,-1.40842469583462,-1.26620467782332,-2.50058383262832,0.501106252262843,-0.251873792690815,0.386637047912612,-0.751537539219203,0.995416794827533,0.836479152235525,0.48680533687476,0.0593766352799658,1.24334553290862,1.02276187297659,-0.766933911019515,-0.23564886857801,2.02579510251923,-0.213179702652163,0.322461275299453,-0.714221417310121
21,"RO","Lyco","UBF","PAIR","STR_PAIR","STR_UBF","Arachnida","Lycosidae","Ground","Lycosidae",-13.2451683171664,-12.4822892508284,-12.4568225814682,-13.2830589551905,-12.4175553591897,-9.31038503748829,-14.3097245171377,-12.7590129437796,-11.7013080618573,-6.99270683488819,-13.0731934649463,-9.22135594011667,-10.294370004467,-6.26209328709085,-5.34257904402202,-6.38826264511196,-9.12081646379727,-8.58007048664258,-11.6563313695657,-10.3310716336658,-9.87413609721625,-12.3540222078234,-10.6018999571138,-13.1468414789284,-13.1073225954371,-13.2518970831087,-11.1088912589411,-11.6194697246929,-13.3008237569382,-15.8536810502553,-11.8228333071303,-11.556492033261,-13.2081510539316,-13.3166368452462,-13.2351533430037,-12.6576974112502,-11.3841595657492,-0.438781592963313,-1.75871518007074,1.59721810131906,-0.300338736112011,0.333473538407273,0.00789195493746227,-0.423494166851035,-1.57271957150435,0.371848969234232,0.497295639112139,0.3930398785889,-0.0912344284961629,-0.210070232579016,0.608573489327505,0.566966516168631,0.788163476931534,1.55239342995417,-1.00557792288989,0.0880267759623009,-0.117522110284645,-0.181806558192005
21,"SE","Lyco","UBF","PAIR","SKA_PAIR","SKA_UBF","Arachnida","Lycosidae","Ground","Lycosidae",-11.4654878965181,-11.9147695845057,-10.975088547273,-12.9987490459391,-12.6917367287078,-7.69235254639683,-14.1143500142142,-11.747502364073,-9.2042943649198,-6.07629764311225,-12.1828721707702,-9.14084240190834,-10.4618448742016,-6.61410185243809,-5.74141892683259,-6.5389330916047,-8.90680904909557,-8.36428551001505,-12.2450926124181,-9.7031322858354,-9.46306093456632,-10.532468889413,-9.68830459264003,-10.8449079355821,-12.0088840075523,-11.9126551209907,-9.86489542798321,-10.9022546612491,-12.7054469869146,-13.9681800829836,-9.49205117463873,-9.86648588338638,-10.9231341993201,-11.8760057957556,-12.6592922884898,-9.28783730618407,-10.6351470315781,-0.0701853470134381,0.564832882794321,0.537010241923858,-0.583784061191889,0.520835694640683,0.412267340240238,0.921742070670447,-0.435916408259281,-0.0505343732809388,-1.08351491523874,-0.867242736632161,-1.15137579040565,-0.878900144874169,-0.57429887637242,-0.661938612491987,-0.398320822891585,-1.13702299402768,0.265722388935373,-0.820365425393424,0.430031151812066,-0.680703542118136
22,"RO","Lyco","FBF","PAIR","STR_PAIR","STR_FBF","Arachnida","Lycosidae","Ground","Lycosidae",-12.6010430207684,-12.0056864285114,-13.0189480716057,-12.2661500455453,-12.3610952304765,-9.5048047247523,-13.9099574455769,-12.4624117042245,-10.6552337393485,-6.66778426426233,-12.2442095190335,-8.5859839001505,-9.96999291263832,-6.91904688432439,-5.40592825173375,-6.16541520080829,-8.47610163294959,-7.98064707046746,-12.0646561814947,-10.444884559384,-9.16024451925505,-12.2464821053688,-10.6658883284113,-11.0654774188456,-13.405803459892,-12.549140688704,-11.5470680637388,-11.4922678450668,-13.053286880952,-13.9527281315316,-11.4660035994203,-11.9523645495922,-12.1004694911719,-12.3572704034974,-13.0104502094174,-12.2190363667877,-10.8889847400393,0.590107024475428,0.341974267922318,-0.334866086815706,0.249138917417319,0.618896787685904,2.0535098803772,-0.596454111704878,-0.116497978387204,0.511746739193743,-2.53823819617273,-4.03162773755426,-0.463220363513716,-1.87920239727234,1.87059758637085,-1.83473882298668,0.122581013055631,-1.36639692819,-1.00557792288989,3.63887960863938,0.275279295033092,0.821628426558455
22,"SE","Lyco","FBF","PAIR","SKA_PAIR","SKA_FBF","Arachnida","Lycosidae","Ground","Lycosidae",-13.0243478901359,-12.5320287262536,-12.8260738725687,-13.1762556924563,-13.8121964258289,-9.80609546997474,-13.6668767663411,-11.0006601856183,-10.0799171814312,-6.08540001726452,-12.2198651145761,-8.72418395947619,-9.76383557686731,-6.94587304400187,-5.73635096717564,-6.29785326581958,-8.35126260504917,-8.09217160654497,-11.2977303449386,-8.7397373257923,-9.21942453889518,-11.1486108378057,-9.94695260703404,-10.7090871877064,-10.7417268942013,-11.4472716661288,-10.3111359720891,-10.8742118552185,-11.6406006209652,-14.4604108656052,-9.07128993056317,-9.75000574048979,-10.4365020286308,-11.4175815448965,-12.2594116227419,-9.00103796877553,-10.4162824462208,0.397383296862692,0.702109335787219,-0.410038897279654,0.598775594578471,-2.24294972741055,0.821121737772248,1.25397261936757,1.62759953880982,0.0113327030111457,-0.140356319606552,-0.044184371004028,0.575419827067337,-0.54901817972551,0.825098850577726,-0.287919177303609,1.33456218213089,-1.5822164796977,0.606280226866781,1.38606541151697,-0.178577317640614,-0.707616770333801
23,"RO","Lyco","UBF","PAIR","POA_PAIR","POA_UBF","Arachnida","Lycosidae","Ground","Lycosidae",-12.5603964829375,-12.3156771654158,-11.9272527095521,-12.5946320224865,-12.7232450507735,-9.13921901072229,-14.7873328396543,-11.6571902114002,-9.39654996603928,-6.39673025954078,-12.3969405645848,-8.51622171603439,-9.8972990221236,-6.96637538221404,-5.56201307134951,-6.11601047682792,-8.98286509980714,-7.85434433493088,-11.4418513322039,-10.4164565677234,-9.33634719872731,-11.5399792200143,-9.83229833748704,-9.77284522396323,-12.3509705671463,-12.3437014070665,-10.9899864005008,-10.9982525528003,-12.5483959157996,-15.0365329313994,-10.5736319802478,-11.2686131653085,-11.9617972695889,-12.3513767706947,-13.4177630549668,-12.2977389636278,-10.5563976872191,0.809286172696532,1.64990104514765,-0.467347583857647,0.372383515795135,0.40738034653085,0.647575538991896,0.303787980082533,-1.27258147823317,0.399618505594864,0.597152990634822,0.56364425850999,0.73856455537011,1.55989706935334,0.156054082926568,0.909999942568808,0.0314553166283169,1.3215870636145,-0.88272352935672,0.36020340681885,0.351818195548035,-0.141779443558377
23,"SE","Lyco","UBF","PAIR","HAG_PAIR","HAG_UBF","Arachnida","Lycosidae","Ground","Lycosidae",-12.5256430942062,-11.3061620430592,-11.8231671005206,-12.2948064565375,-11.7857181781704,-8.81549560752853,-14.1052389547833,-11.655208750765,-8.17728419079273,-5.90432828932483,-12.0428273422641,-9.1303142364499,-10.3226500119824,-7.23900177643417,-5.62591389082569,-6.43740310842475,-9.70362131308038,-9.29515173298412,-12.8762431625045,-9.86735797879857,-9.27439066222855,-10.67809366679,-9.35662796334488,-11.1030690336447,-11.7761463908095,-12.0440959353058,-10.3911671651605,-10.3549183375092,-12.2451299039572,-13.9050476074486,-9.97122534775419,-10.605802383392,-11.0068987100199,-11.5525909849211,-12.9549893056,-8.97396231503213,-10.8921433676677,-1.65101925104806,0.304000613034261,-1.21897337267696,-0.348212144106816,0.0582660799213169,1.18783540705293,-0.248714329780148,-0.314531518559077,0.327564851862523,-0.492103605097989,-0.525654650486055,0.309075021625757,-0.318706084978023,-0.807838839165083,-1.29236121314704,0.267881415498495,-0.745570305435417,-0.984593684965871,0.37051789624036,-1.09873039980569,-0.707341621488367
24,"BE","Lyco","UBF","PAIR","MOL_PAIR","MOL_UBF","Arachnida","Lycosidae","Ground","Lycosidae",-12.354344514802,-11.9930790671296,-11.7538614367193,-13.2000905689379,-12.2084108496914,-8.52627425059661,-13.5703786732352,-12.216268152689,-9.9185450126521,-6.30255827389284,-11.8426257987832,-10.0326311409998,-10.0306957413667,-6.83997932294613,-5.73424452555213,-5.82003714938194,-9.6780692170872,-9.33188937040949,-12.1704034067756,-10.027604465583,-9.75436687039198,-10.9150793451038,-9.64256564789288,-11.2189643527506,-12.4661901171944,-11.433941657803,-10.6289212232952,-10.4118653403535,-12.3297317127698,-14.9925502046625,-10.4311478654685,-10.4596468393553,-11.8218550298274,-13.3171601779932,-12.456845069714,-13.2562166468081,-9.99537179941084,-1.71302451658331,0.18694054128168,-0.111998643268958,0.146255937968189,0.846373178345914,-1.39211311296053,-1.1409706797156,-1.49321497074471,1.75728263623732,-0.848203136611245,-1.96222115859463,-2.59748787311359,-1.58217134943514,-1.95990432560522,-1.37690124544207,-1.54128038173351,-0.937421354059706,-0.933750203429101,-1.48515010233731,-1.56836502872045,-0.0894023573519404
24,"NO","Lyco","FOR","FOR","HMI_FOR","HMI_FOR","Arachnida","Lycosidae","Ground","Lycosidae",-12.8621876102933,-11.7779879150644,-12.924855659011,-13.1076077934515,-13.8610957883583,-9.82299106474018,-15.9816928364779,-10.5668382648204,-10.6755554697451,-6.35951413867957,-12.220606782203,-8.98667551663128,-9.7432029611564,-7.02754547199569,-5.93549801637651,-6.43232681557691,-8.27788916679738,-7.96197014323676,-11.6768156969534,-9.19591064248531,-9.10271570232309,-11.5207732516426,-10.1558396337951,-10.9157324315617,-11.1184570427481,-10.8509550873658,-11.2978379852461,-10.0664170500039,-11.4660162598916,-14.3679801511568,-7.18427081034698,-6.88822513935903,-10.5425300228506,-11.1382003955257,-13.5253201726731,-11.7090909238458,-10.9172945452295,0.622453727981757,0.493263936120302,-0.637625054672527,0.633789271849022,-0.0950832105117166,-0.717954450130059,-0.136171367082313,0.856979732553731,-0.592140589558446,1.0794898329502,0.891137947669868,0.608852627236977,0.244332348814762,1.58359728158766,1.08701563084942,-0.623987005249022,-0.767968991598825,2.55756590771694,-0.744739600645065,-0.0220776366975727,-0.667299816521467
24,"RO","Lyco","FBF","PAIR","POA_PAIR","POA_FBF","Arachnida","Lycosidae","Ground","Lycosidae",-12.5140925398877,-11.8995120145609,-12.2328810240735,-13.2749260362826,-11.8615003636905,-9.30146535439818,-13.7644235209133,-12.0553428088375,-10.5343094411018,-6.69787879569538,-13.1691884853903,-8.6500165138169,-10.209188442624,-6.47679958877236,-5.40182623631949,-6.33604960640894,-8.88205993730621,-8.4153022229559,-12.5232962788187,-10.3987797173413,-9.52357067141834,-12.1148006973884,-10.496282226781,-11.354325258811,-13.8101822865052,-13.0953878041521,-11.3630608867683,-11.1891038761912,-13.5970755599861,-14.8859716244162,-10.9672489958015,-10.7305675796004,-12.7346968105719,-12.4643708830779,-14.2412884711097,-12.2823280056574,-10.8668189370132,-0.157485337945734,0.0502419783235752,0.942303123346079,-0.156112318469276,0.567540805007483,1.32021162429002,0.48625410463389,-1.06277170459378,0.402402758585867,0.356283166847422,0.654350086735327,0.636648650068752,1.1116577400263,0.562299849775755,0.646457194259596,1.15780166257123,0.424839325154392,-0.19991996958159,1.62807366757825,-0.00384747837605106,0.126612204081465
25,"NO","Lyco","UBF","PAIR","HMI_PAIR","HMI_UBF","Arachnida","Lycosidae","Ground","Lycosidae",-12.438981037505,-11.6015874800216,-11.738940452726,-13.5111855303657,-13.2512686326911,-8.82235854851072,-14.5488758541729,-11.2233800401569,-9.37867725823834,-6.03255528353793,-11.8361510426461,-8.84866364188558,-10.6498234447284,-7.03912028413091,-5.80026474040407,-6.11385740365943,-8.96773549454904,-8.01902372682202,-12.027118832226,-9.5838136234318,-9.21862518455024,-10.7884276572224,-9.55630465875953,-10.9939154158568,-11.4168051661389,-11.5931490139834,-10.4973701752842,-10.2491186981619,-12.3808270827649,-14.1174852258117,-9.22035904653296,-9.72772235774832,-10.4833074649968,-11.1920541228878,-13.2238212527164,-11.9827406897009,-10.562834804945,0.52370818733571,0.41426974007367,-0.669730775018433,-0.90177129865089,-0.00256098666126284,0.4956998394281,-0.538884912321593,0.552081818039783,-0.28986655535172,1.02032838170135,0.870642326969678,0.576614277003508,0.300811960301002,1.28701978610092,0.936300710409342,-0.343008355447355,-0.293702019235981,2.09604875969186,-0.242238022001632,1.19181361445068,3.37329643938744
25,"RO","Lyco","UBF","PAIR","ALB_PAIR","ALB_UBF","Arachnida","Lycosidae","Ground","Lycosidae",-13.5001687473078,-11.5458586398208,-12.2683417683258,-13.1547630469975,-12.4793276391632,-10.2262742692392,-13.6722564866326,-11.6593490695377,-11.9869549200533,-7.10804143000726,-12.6684180968157,-8.75319683649189,-10.1802997732308,-6.19375773671673,-5.36043999998128,-6.43539811263905,-8.93251723338638,-8.41354808889441,-10.5852464776489,-10.4948825539792,-9.63736117071317,-12.1675018381368,-10.4121883305344,-12.474856631465,-13.4569387785433,-12.7042952611026,-11.5777905177194,-11.3349497574997,-12.8774054259799,-13.8228138095928,-11.5395565343437,-11.501410468205,-12.7290350336704,-13.0469467731473,-13.1554741799641,-11.8491602680568,-10.873029373838,-0.154485344328066,-1.08074598863898,1.81223618143954,-0.107189019181344,0.776158796671483,NA,0.899006116927991,-1.2207903596386,0.667676443340967,0.501626657818969,0.337357799181986,-0.370222674849994,0.888261986313224,-0.462529373141211,1.08144128958549,-0.211857286428817,1.43001238310085,-0.752213986491493,-0.770587335671907,-0.0426179907333956,0.0461545097277854
25,"SE","Lyco","UBF","PAIR","NAR_PAIR","NAR_UBF","Arachnida","Lycosidae","Ground","Lycosidae",-12.8095692281265,-11.9636595173002,-12.1124239406194,-13.4342961053852,-12.413578724869,-9.54412370215546,-14.4885539146056,-12.4449893732303,-9.0623096312944,-6.13330990067491,-12.6322385635577,-9.1556691051854,-10.5080156378426,-6.85618599209616,-5.64673993555864,-6.24106102823958,-8.62463522984055,-8.31706131147839,-12.0635884905064,-9.50132383531688,-9.28351700607412,-10.3906402090288,-9.63489226617558,-11.6124882186075,-11.8551910934813,-12.0593171931705,-10.0158472830613,-11.0836007713348,-12.7554297858168,-14.1370120025496,-10.2390271302719,-10.240581750059,-11.5135719816676,-11.8654444581393,-13.321856880182,-9.4271544697104,-10.5979884555055,0.0107185748224665,-0.210414812811069,-0.157844713052866,-0.661901741741827,0.603527143490998,-0.691371850747207,0.406152656309706,0.759302496403206,-0.265990074565427,-0.655250944208488,-0.390242240119466,0.147943405808018,-0.818450712056146,-0.740446664023356,-0.733821825096413,-0.0425261667246309,-1.11666796545346,-0.166536864425049,0.0564347291063551,0.563461697136523,-0.694899503281279
26,"BE","Lyco","UBF","PAIR","SLI_PAIR","SLI_UBF","Arachnida","Lycosidae","Ground","Lycosidae",-12.2092102556446,-11.4325546113102,-11.2438595409472,-13.351842806087,-12.0193030943056,-9.07642815353922,-14.7068884776999,-11.4653528073979,-9.5545444199975,-5.95966780663198,-11.9683611741459,-9.8162807863005,-10.5162520538937,-7.53901790332717,-5.62714464632094,-5.98675308317017,-10.1041830114294,-9.91517100839183,-13.1092163618968,-10.2255698538176,-9.90150433712192,-10.2959856071787,-9.41325038714019,-10.9063150675015,-12.3381754884112,-11.4224872085607,-10.3534600428646,-10.2990185424782,-12.8152452690988,-14.2476523512375,-10.7371611119089,-11.3439393518025,-11.4010349438675,-12.2944475805443,-13.0688121058903,-12.2504667967781,-10.4371742730139,-2.69521325646107,0.502779747108468,-2.02820347124854,-0.675836136512736,0.147214504412353,-1.39545654172366,-1.84528464761512,-1.12391107148999,1.70543464774367,-1.44764155727667,-2.11888761897071,-2.91651331056144,-1.74903043943148,-2.01575663170068,-1.83984967713388,-1.4385051556314,-1.39764781451038,-0.884325528029487,-1.37044725068702,-1.70796928863989,-0.0894023573519404
26,"NO","Lyco","FBF","PAIR","HMI_PAIR","HMI_FBF","Arachnida","Lycosidae","Ground","Lycosidae",-13.8397857196049,-12.4703665646431,-12.3029218009044,-13.4040149763724,-13.2522296089658,-9.54795467967054,-14.6082630109611,-11.4302663473299,-9.29447338392787,-6.1222126500547,-12.3110326763849,-9.17139764727571,-10.4789623256946,-6.58679104811424,-5.8642429604355,-6.2302729135155,-8.39819176379636,-7.61666429775578,-11.6547452854327,-8.95323931423405,-8.74197704518996,-11.2725452604255,-9.8678896550797,-11.1840690212764,-10.8946449057228,-10.7404194177024,-10.8373623713887,-10.3693925754758,-12.181863286505,-13.8767582049515,-10.0282159900655,-10.4748593017243,-11.2082698418056,-12.1409767500678,-13.1644769592326,-11.9148258908881,-10.6276461826476,1.22488444241872,0.222184575027048,0.61690472996058,-0.612746753587799,-1.32734290068106,-0.0357000571018853,0.0532287055796352,0.854405020542853,0.126622371457657,0.93034532640888,0.81357526705647,0.0821048490035939,0.319789787716426,0.4780847648893,0.944596883194655,-0.461208360487237,0.941090657943011,0.605347628821766,-0.0902246040294294,1.5223661376752,-0.714221417310121
26,"RO","Lyco","FBF","PAIR","ALB_PAIR","ALB_FBF","Arachnida","Lycosidae","Ground","Lycosidae",-12.3486039310346,-12.076020416663,-12.0574766862214,-13.3065107484916,-11.598578764222,-9.38306134271771,-15.7254165833404,-12.4695744442315,-11.0060983248666,-6.75931743526118,-11.6635534213732,-9.73808434717394,-10.1950917584923,-6.67464079737297,-5.42899776881772,-6.15878075108042,-8.47205186172883,-7.87132211079181,-11.8619093097128,-10.2369835833377,-9.36878101329192,-12.0363371042723,-10.1281929824785,-12.0662615010987,-14.0472132568337,-12.7502028199111,-10.9977766182955,-11.2124746978914,-13.1909125894329,-14.3254659974966,-11.5501567518816,-11.2579413796827,-13.1495473428325,-12.2130055624561,-12.3411067579098,-12.6950861395852,-10.7396051871245,0.779762537865582,-0.668433005271598,0.361082807701638,-0.132240074635791,0.819061336635817,-1.27381875247277,0.358714716151788,-0.85792386329409,0.566119731153941,0.783349222314231,0.457538955587556,0.019154915659575,0.638429329109662,-0.054689298982771,0.99328575468966,0.0743011590495558,1.11689415903613,-0.029058753050116,-0.333938179165429,0.753054766023273,0.128378551377934
26,"SE","Lyco","FBF","PAIR","NAR_PAIR","NAR_FBF","Arachnida","Lycosidae","Ground","Lycosidae",-11.7109771754247,-12.4455863953694,-11.1635040372346,-13.616175246277,-12.320078976375,-8.40786761015594,-14.263534975746,-11.9002930009779,-8.69133821193245,-6.17414284109495,-12.6147913410893,-9.40026705987385,-10.0710325435224,-6.68709163990386,-5.75448704355927,-6.5752388236982,-8.68636349891201,-8.24006004199945,-11.8887075254959,-9.07998606763227,-9.11709996076315,-10.9251574312492,-9.79136759178649,-11.2114463461593,-11.2726688167914,-11.5849661535603,-9.68406890402904,-10.7695776893911,-11.9117885951217,-13.5712351700721,-8.58302522507671,-7.89474432481155,-10.9658405884702,-11.8941293395143,-13.0234398324011,-9.23188043912374,-10.889755946685,0.142841629930161,0.194533533632196,0.325092155796672,0.0779058090632475,-1.86437146511419,0.510933619804095,-0.307955763099829,1.33088512533422,-0.207749995876373,0.243370196966276,-0.376598115865097,0.888629481730838,-0.750548446673083,0.56889265907776,-0.0287020266143791,0.292833565683452,-1.05391483126892,0.692634893471336,0.37592510040671,0.0490908955044838,-0.697080041204619
27,"BE","Lyco","UBF","PAIR","ROO_PAIR","ROO_UBF","Arachnida","Lycosidae","Ground","Lycosidae",-12.906919736188,-12.5266988482348,-10.054007437563,-12.5837909616158,-12.0023947295489,-8.20369841535694,-15.5006971467356,-11.2693934326524,-9.44614972875668,-6.13615635482393,-11.9172859952493,-9.65569703535828,-10.3187227093676,-7.13488121417262,-5.77581487159877,-5.9309916188289,-9.31751002448114,-8.80118332114424,-12.0662394709545,-9.9298204367293,-9.75628369514029,-10.9663239980523,-9.60393859464909,-10.5368446084606,-11.9038222623988,-11.3323748905511,-10.4317073635413,-10.3217739639299,-11.4966094029674,-14.3417066147136,-9.29567053971151,-9.57606046346374,-10.7800149532412,-11.8623458015358,-12.4706729323744,-12.6276939881287,-10.6205029575851,-0.814914932890956,0.876258283171203,-0.93403771022162,-0.341564133034278,1.1719923924183,-1.41318194533546,-2.35042934449114,-1.71351973329994,2.47841148496983,-0.292711973539891,-0.467001356644037,-1.36692598517689,1.06839243827781,-0.920283377199905,0.308873265442656,-1.52250553262928,0.825740173201764,-0.876098299883346,-1.49478029242884,-0.398613067888361,0.715958763605126
27,"SE","Lyco","UBF","PAIR","LAN_PAIR","LAN_UBF","Arachnida","Lycosidae","Ground","Lycosidae",-12.9782280115001,-12.6548748078495,-11.5513676604994,-12.5843808160861,-12.1080800661895,-9.70257433827353,-14.2638316483246,-11.9689518772652,-10.0224142903574,-6.24375193241301,-12.9548692369406,-8.7487392566761,-9.87852002232135,-6.67389452621864,-5.86349303056502,-5.99771475087838,-8.18391535995123,-7.79723519328452,-11.6023179284869,-9.59362911461021,-9.35616836732523,-10.9469073695668,-10.1239508106452,-12.1537564079656,-12.0463516793071,-12.6112665219786,-10.4396532962852,-11.4601780684274,-13.1257470893829,-13.9258006085966,-10.3238389634099,-10.4519464582149,-11.8210741028294,-11.7137294535212,-13.4064966016416,-9.74588175591816,-10.3073128855758,0.90874574999622,-0.756730907356335,0.36324201880386,0.4042284315364,-1.26694302183355,-0.391885407740258,-0.0970869877340988,0.775054843185416,-1.26326969350796,-0.594773334549183,-0.70126152413479,0.0750394485468532,-0.509695266592811,-0.976450198944313,-0.671447638569345,-0.0245222643864366,-0.549668519978363,-0.958311283131246,-0.21036486868676,0.406555456342304,-0.709667575963492
29,"SE","Lyco","UBF","PAIR","ALO_PAIR","ALO_UBF","Arachnida","Lycosidae","Ground","Lycosidae",-12.2043915911295,-12.3119224233803,-10.8125060660121,-13.0484992155225,-11.7702776766379,-8.71811748169195,-14.079328459939,-11.5767480113376,-8.85378059974338,-6.13537909506573,-12.5423513683969,-9.23005500672285,-10.0766556529318,-6.38111194904505,-5.85243811331162,-6.48740054776708,-8.5331876190485,-8.02617009555221,-11.6065698688831,-8.74086912317238,-9.25951506735389,-11.0032929948987,-9.93542810440318,-10.3616128979665,-11.1996585282251,-11.5816233869464,-10.0167539165406,-11.0378686313878,-11.7584114129783,-14.1504495382398,-9.41595952864559,-9.84559490534813,-10.8894104537579,-11.7165069382705,-12.8182145472422,-9.16665888045027,-10.8288678811139,0.511353204380026,1.05351084219614,1.23064296171652,0.0683784626318071,-0.756703294947979,0.157580119214322,-0.147752866451465,0.603044288913895,0.325093975775573,0.0564618729618225,-0.29036459807745,1.12509234294268,0.349330826800816,-1.66988538937518,-0.883519460368412,-0.675041900673209,-0.555099512808753,-1.00557792288989,-0.898055368115439,0.362654473094923,-0.679508600042467
3,"NO","Lyco","FBF","PAIR","AKE_PAIR","AKE_FBF","Arachnida","Lycosidae","Ground","Lycosidae",-13.1253763234415,-13.0763219118977,-9.7969587295264,-14.4530459718696,-8.80130364162802,-6.84740334658945,-14.8837269149903,-11.0779565100668,-9.69983693102019,-6.00489180975059,-12.1281496385103,-9.54785744981081,-10.225691404877,-6.81040665129566,-5.77013489176604,-6.65232461772716,-9.30699628970818,-9.14078413214405,-12.2711541548594,-9.86778963733338,-9.85609126382765,-11.6362075673857,-9.68475619667201,-12.5957337304692,-11.8978117445838,-11.3416036944245,-10.9415237058255,-10.1496675615252,-12.0859572089311,-13.602068364621,-10.7501457919744,-10.5617245522845,-11.3095438647154,-10.3836906704571,-13.7672417894953,-12.342256935342,-10.9316187689665,-1.39024172593032,-1.20270942210136,-0.0281138991454864,-0.184057947033153,-1.64186980295413,-0.921478728242647,1.59028633274255,0.54608458208016,-1.90356830006888,0.920735332464432,0.87455823621452,0.00204897020935448,0.426122221378367,0.39605163260437,1.03328252219477,-0.281650736430794,1.31743749164071,-0.0668838788095346,-0.202089470780041,-1.01671801097407,-0.714221417310121
3,"RO","Lyco","FOR","FOR","BUG_FOR","BUG_FOR","Arachnida","Lycosidae","Ground","Lycosidae",-11.962566138378,-11.3886060232271,-12.6037248702903,-12.3194903825272,-12.0178538427219,-10.4012307776248,-13.6775385037808,-11.5423755841356,-11.0781137596841,-6.53119874955298,-11.7875942617572,-8.0302998791735,-9.71966882390907,-7.21113831644686,-5.57033753765313,-6.1431578697903,-8.22411314025391,-7.17187477277363,-12.2466408384784,-10.0118268569244,-9.06671374506146,-12.327456814409,-10.4065790046875,-11.311594509028,-13.0588807100589,-11.8793614888697,-10.8781339448275,-11.1077159132325,-11.9459720548203,-14.5177685899072,-10.6966857192341,-11.3865376037975,-11.9179270883986,-11.4899981630991,-12.8750045111843,-11.5540908252791,-10.5090282904715,2.01758638625823,0.0933925352943668,-1.14295562382144,0.673732009387348,0.786974038255153,NA,-0.475001212443367,-0.164292025897419,-0.286946712621218,0.255681676523569,0.66652081453228,0.54377115346471,0.0647112026876302,1.4119894343753,0.153148204611654,1.72266840101502,-0.705991784781748,1.09382270159532,1.97586195493163,1.07263542390056,2.55982224634705
30,"BE","Lyco","UBF","PAIR","ZIJ_PAIR","ZIJ_UBF","Arachnida","Lycosidae","Ground","Lycosidae",-13.5531336434934,-12.3923003293858,-11.928786451877,-12.7318195136942,-13.0801640736292,-8.68128453054882,-14.0151925824477,-11.0556799467981,-10.2464044260794,-6.1837534393127,-11.9831367166144,-9.57360186922998,-10.9186759848922,-7.34759156337129,-5.79900892284633,-5.80945741799342,-9.46270126615645,-9.32422652196429,-12.1832944015574,-8.89972683577956,-9.41947035524652,-11.3446303716072,-9.57450560902747,-8.66645289129709,-11.9878703760492,-9.49651385608592,-10.2537046155777,-10.4995373988179,-11.218534781794,-15.4313224820323,-9.79252216593918,-10.3910698111442,-10.5442147849825,-11.9304566382789,-13.2683475874392,-12.4088877886249,-10.5041465966444,-1.700092957129,2.77748337323773,-1.51373165634618,-1.35632726557828,0.613556433424736,-1.43518313910778,-1.85292246665112,-1.72333499873869,2.09157791613197,-2.70990105932901,-1.02668143184036,-1.63166341080938,-1.84018324427649,-1.57429595503578,-1.15462383135578,-1.33793798608544,-0.665848970827854,-0.968340850495276,-1.16085152621554,-0.288652877980915,-0.295630066050594
30,"SE","Lyco","FBF","PAIR","ALO_PAIR","ALO_FBF","Arachnida","Lycosidae","Ground","Lycosidae",-13.0869811609657,-12.5189055159161,-12.4459795299614,-12.9012185390935,-12.2950263320811,-9.28593306261963,-13.9925387695114,-11.1827562398222,-8.83095929025146,-5.98756110255812,-11.8975212914792,-8.93920775192896,-9.82123327329638,-6.77224773839651,-5.7844814916647,-6.70736821330208,-8.40638707717084,-7.8529228574209,-11.9176926012087,-9.30898583426053,-9.18152786885531,-10.9378253758486,-9.86769990429462,-9.9190108937939,-11.6860674275587,-11.6822806803466,-10.1170131635371,-11.1480747628881,-12.389031253293,-14.5193866611738,-8.22209824907269,-9.10004891823853,-10.1391105257937,-10.6036647139976,-12.215185523453,-8.9859816628343,-10.7013365421497,0.811758965816213,1.50169654908151,0.0805777471686731,0.501392834609582,-1.31033224335077,1.99529852862971,-0.354796857044507,1.20840909842608,0.249581031541802,-1.73167710187071,-1.27973142023994,-1.50781265382434,-1.47341882293114,-1.9215369257739,-1.91018224738892,-1.32627527520699,-1.4268100695317,-1.00557792288989,-1.04367005911449,0.245166744944122,-0.703785390203183
31,"NO","Lyco","FOR","FOR","MAE_FOR","MAE_FOR","Arachnida","Lycosidae","Ground","Lycosidae",-11.5488471234802,-11.3058634271005,-10.0824293360723,-13.1277641324353,-11.4250702338552,-7.2225309004263,-14.5183310385766,-11.0026356533595,-8.99558856874238,-5.94225981661738,-11.773297691797,-9.36559143809346,-10.5921993769785,-6.93042861469776,-5.85301764440297,-6.43242745225339,-9.32110045726434,-8.41877119762838,-12.0646877681382,-9.42371327689977,-9.33820551467503,-10.8031706348831,-9.58880085051566,-11.1212387382854,-11.5738868914235,-11.3419702052733,-10.6641589429293,-10.1119272939723,-11.9038777632228,-14.1659701694878,-9.44097323351339,-9.84293845513258,-10.9255507365914,-11.6266282276344,-13.2738663763508,-12.0213177520006,-10.7499598327086,-0.163417776791693,0.285647020787647,-0.36678655668715,-0.804309837310284,0.968211252882934,-1.47275741114891,-0.844741818905027,0.569748595917971,0.790074493025692,0.872002794040346,0.523004742090825,0.0529202191951721,0.296239683458296,0.226751628490251,0.909320259449104,-0.00918754670310268,1.17285082563694,-0.0169855080230278,-0.261794604515078,0.538449857013433,0.216215098474726
32,"BE","Lyco","UBF","PAIR","KOU_PAIR","KOU_UBF","Arachnida","Lycosidae","Ground","Lycosidae",-12.4770547884204,-12.6094345705316,-12.0932270369296,-13.3196662927444,-12.5490044893015,-9.64501434180445,-14.4241506708494,-12.0849692665465,-11.0112192843258,-6.1987095802927,-12.5026294718626,-10.1397607107532,-10.6822500212648,-6.89341522257499,-5.76653637490391,-5.74624794901915,-9.82411801744604,-9.35598289306004,-12.2077012690056,-10.1890065074362,-9.90011927276639,-10.9647515991065,-9.79615045273167,-12.4292644375247,-11.8601865895644,-11.089541781561,-10.7783235495662,-10.9860215520698,-12.3149211558995,-15.2031438790801,-10.4272433304729,-10.3736013353913,-11.4387171151979,-12.7584366622914,-13.1378722754857,-13.6525422465412,-10.4492983239394,-1.75367823848659,-1.03474263900104,-0.262835883700524,-0.956609564363226,0.530563762992481,-1.43003184125886,-2.34472293592619,-1.45523976213855,2.69988893788611,-0.317122170906593,-3.00506192816305,-3.08249423318033,-1.80561253354047,-2.13414659756455,-1.77798668239933,-1.55194140171325,-1.30615275092796,-0.99563144224183,-1.50159166396782,-0.67183746586718,-0.503889607545135
32,"NO","Lyco","UBF","PAIR","MAE_PAIR","MAE_UBF","Arachnida","Lycosidae","Ground","Lycosidae",-10.5921426704662,-11.7193731165021,-8.99922438888398,-13.2641620995864,-12.4286559700693,-7.31361047335578,-15.0365334653772,-10.9434537263458,-9.921276856418,-6.00749556817185,-12.104496056235,-9.30794548188605,-10.4782366726591,-6.79546537573773,-5.81121616175057,-6.40503096396871,-9.33384318808169,-8.76977371836402,-12.3073540329882,-9.48928093453261,-9.32753080414412,-10.587463952068,-9.66347573276967,-11.4429810875138,-11.474964560705,-11.235175180799,-10.6196008933894,-10.2870858162114,-12.0636104164963,-14.3414867332103,-9.77143353319863,-9.83886482135365,-10.755863835044,-12.0243856508139,-12.9109111150186,-11.7067326560776,-10.6461971592919,-0.761567896194067,-0.0392781178739715,0.0143830273005824,-0.611518978419381,0.066884179385825,0.607567689398664,-1.15617295505419,0.461547284281403,0.772928677812981,0.8803162324448,0.485662243201371,0.107727995196991,-0.0643681615327947,0.597062781412166,0.919495573571886,-0.403265764418249,0.538079455315522,0.831348847976302,0.10157691610421,-0.125823506347672,0.661104040751758
33,"NO","Lyco","FBF","PAIR","MAE_PAIR","MAE_FBF","Arachnida","Lycosidae","Ground","Lycosidae",-11.9502735706805,-11.7388749386749,-9.81889142722549,-13.4846934027356,-11.7803687417587,-7.24860426646423,-16.4147526804107,-11.7065628240284,-9.34442020179062,-6.08473940228974,-12.170367159775,-9.57909330287485,-11.3478020402178,-6.53874971585954,-5.80235051048812,-6.55563244713225,-9.03485265488205,-7.94293917197719,-11.5626899942222,-9.35093114119198,-9.44852241950142,-11.0128597463954,-10.2685767741735,-11.1820485540839,-12.2003426064622,-10.6933499651488,-11.0433062977324,-11.3265418106748,-12.968142790829,-14.4631010111484,-10.1092338519626,-10.3853164675005,-11.353309894658,-12.0763721119856,-13.7039550985608,-12.5418894427246,-11.1125412591345,0.65543581779354,0.224225283673496,0.758290350782482,-2.08142626649922,-0.396086535781816,-0.210020167944056,-0.28453730085708,1.20859049859668,0.848581729860816,0.797410507800738,0.734799867607508,0.400247989937393,0.338807000907915,0.767153599548392,0.883186074139995,-0.496092617650551,0.322853642734168,1.37987822021586,-0.384155054606191,2.29778865042163,-0.66568368650992
35,"NO","Lyco","UBF","PAIR","SAN_PAIR","SAN_UBF","Arachnida","Lycosidae","Ground","Lycosidae",-12.7410758483338,-11.3391108299024,-12.2609676967541,-12.792141782644,-13.2613682927629,-9.19741429160906,-13.9318958768878,-10.4943259547279,-10.367963393382,-6.02808082007188,-11.6440590925216,-8.9893721070682,-10.3629909407672,-6.96896746310225,-5.56011353567861,-6.38446407607603,-9.0704625407469,-8.76610068602974,-11.9311268037973,-8.91268090898709,-9.33103694313672,-11.2424932851427,-10.1032514772925,-12.3525004663959,-11.4863344987845,-10.7680702797687,-11.8462203222264,-10.6740051650016,-12.0236453604992,-13.5288750469945,-10.0468648033914,-9.89500776158719,-10.5949628045872,-12.1732187328407,-13.0837004119378,-11.281818855671,-10.7972263668742,-0.755327811332411,-0.957284504090218,-0.474584369123174,-0.416495089510491,1.04525240376451,-0.305723215830418,0.576375036360884,-0.57906744097675,-0.00552704264456049,0.315984578112634,0.444676614763674,0.359004083135809,0.642677313817514,0.510945182199769,0.738060830169215,0.0721943660267144,0.719923338957028,0.570849938683664,-0.689920112621867,-0.285241372932491,1.46183455801295
36,"NO","Lyco","FBF","PAIR","SAN_PAIR","SAN_FBF","Arachnida","Lycosidae","Ground","Lycosidae",-12.1751463776285,-11.4023634357791,-10.9852000517891,-13.5809128620346,-13.0367219230179,-8.13924010525839,-14.3904899725328,-10.6943784833586,-9.75136783250653,-5.97439175939222,-11.9745211929629,-9.10439287055537,-10.5833056978185,-7.00771915168389,-5.72069036496768,-6.29435643287298,-9.08566746162971,-8.48497548143027,-12.1794045457917,-9.40080876590626,-9.15479734116322,-10.618192282017,-9.70744739901629,-11.8229580626192,-11.4921471640331,-10.8476371362611,-10.7419421358688,-9.81250876174808,-11.3328395117824,-13.7441174851433,-9.80727094241166,-9.87943512974509,-10.682258133667,-12.0247637930269,-13.1362038487348,-11.2976738360177,-10.7230352387486,-0.276550292162232,-0.422872191580485,-0.582548200400121,-0.789266441428334,0.357511215287488,-0.963263793112228,0.367708535771932,0.323450560583001,0.0218321663465786,0.889019579335217,0.720462698676951,0.524303404635015,0.192116382146977,0.860442504381063,0.845530677578114,-0.651993965684343,0.171749649956907,1.35089533162762,0.0758998114862325,0.431165767385249,-0.667299816521467
4,"RO","Lyco","FOR","FOR","BRI_FOR","BRI_FOR","Arachnida","Lycosidae","Ground","Lycosidae",-13.0386590280214,-12.6072840849944,-11.9477079444354,-13.1126703864646,-12.6608797938858,-9.72698383535083,-14.009383230224,-11.8323869824801,-10.569975131532,-6.52288509683223,-12.6560921819791,-8.87252028042422,-10.2275605234822,-6.70184184727175,-5.3473906721134,-6.48580409459282,-8.78809138427797,-8.11823841626619,-12.3065024816891,-9.9024039416389,-9.474352059997,-12.1085836912627,-10.0800639693165,-11.7831539649687,-12.4335323144367,-13.4475096986974,-11.1952666580644,-10.970615398529,-13.4439098298393,-13.7848143367467,-10.6640198444411,-11.3024524743104,-11.6184385084277,-12.2042826982071,-12.4995723675716,-11.6495415442369,-10.9851439694703,0.352437306500353,-0.382694922033955,0.282536429277613,-0.187222952072885,0.614389204448051,1.17272835081255,0.43427447407016,-0.357491355290133,-0.296441638180059,0.227746402651974,0.519232252571799,0.537843599136014,-0.137379760653506,1.14414066578959,0.123059910722282,1.74322472474398,-0.792452108052625,1.05989913590416,1.93411697021131,0.446756411045727,2.12951580134364
5,"NO","Lyco","FOR","FOR","ALN_FOR","ALN_FOR","Arachnida","Lycosidae","Ground","Lycosidae",-13.2685738780196,-12.0915375502774,-12.4562445226736,-13.5663884252448,-12.7639807928486,-8.90874737974389,-14.9583054296511,-11.2119473343295,-8.71510577150627,-5.83984757126893,-11.9917150911206,-9.65931261944818,-10.7460692665467,-6.5601089221346,-5.78752243534147,-6.61748593251054,-8.64893083473879,-8.47663757127226,-11.7833653808713,-8.85906097798133,-9.22851940318989,-11.2023500738346,-9.73720068198348,-12.6402386411764,-11.7237160260707,-11.4434055272572,-10.9488513645984,-10.2966301190921,-12.2289919475529,-14.908181633871,-10.9229644973952,-10.4656592907574,-11.0728762227436,-13.0034995816645,-14.3817923311167,-11.8385835355692,-10.8488198544056,-0.262310965694599,-1.24761302465087,0.695293768223701,-1.0645258956398,-1.5929160432059,-0.152501025801236,-0.369200984013084,0.96806105091887,-0.898677100593906,0.518902504601565,0.549343994643356,0.211460948667355,0.336850967222896,0.183052822000932,0.862362475171348,0.198418743903677,1.04828144303628,-0.126971139738239,-0.114149124989423,0.675638215965107,-0.714221417310121
5,"RO","Lyco","FOR","FOR","BRA_FOR","BRA_FOR","Arachnida","Lycosidae","Ground","Lycosidae",-12.417869733794,-12.333004857205,-12.2151470331103,-12.1501795905734,-12.150513771877,-9.81884479558794,-13.522575967837,-12.080226735619,-11.4587580016804,-6.69570562895883,-12.3902760985649,-8.54710590817822,-9.99765226314748,-6.66837400156343,-5.45197817988655,-6.21710434371947,-8.52362158225898,-7.83173801905186,-11.7309938904844,-9.95548562112874,-9.2447952454719,-12.6320072478807,-10.2144551904129,-11.789615779887,-13.1136191230429,-12.3274733112924,-10.9596924836085,-10.7872903363376,-12.9800469149155,-13.5959098001945,-11.5451273846902,-11.8389575253272,-12.6782820763247,-12.193157968186,-14.2149525359624,-12.359661259949,-10.6761094123581,0.848628761278931,-0.389217398803132,0.379221906382992,0.202256608060997,0.616942502441548,1.09235854257783,0.43679968689754,-0.458215511523141,-0.423914504123523,0.0249236408793816,0.259413997926883,0.379618851107897,-0.179621038133229,1.2110103690062,0.28606129034811,1.18602789475092,-0.627595736631208,1.23827715181821,1.65972728255544,0.527490865571817,0.362258616771017
6,"RO","Lyco","FOR","FOR","VLA_FOR","VLA_FOR","Arachnida","Lycosidae","Ground","Lycosidae",-13.1796183171206,-12.0194459432278,-12.747807260124,-12.4523752170079,-12.1065533659589,-9.59060157248181,-14.6362867518727,-11.8965505979783,-10.6390756805674,-6.60904277479343,-12.3150904177851,-8.71915033458225,-10.3988263470984,-6.61839598170103,-5.45703495098179,-6.32099395884769,-8.65673616374421,-7.73500803686351,-12.7950451239476,-9.91464430315892,-9.17650684238204,-12.4526309929592,-10.1195081918291,-10.9324994400919,-12.9094027898181,-12.2194022778754,-10.9425912538759,-10.8016602016514,-13.0200534307461,-14.2454509175759,-10.5857543253105,-10.9676200255391,-11.5044668054133,-12.5317597103615,-13.8297955554879,-12.3536618031484,-10.8099985316846,1.01739382757543,0.476322047934432,0.524478920761406,-0.477144519615021,0.171506067866839,-0.17353858091614,-0.625796889141149,0.489479965090795,-0.0530765095678953,-0.474036820880187,0.0851695754112896,-0.0178026775031398,-0.833770454802784,0.180988201933928,-0.441188961320113,-0.705216850607021,-1.2228202928759,0.641951947413272,0.944098684760738,1.23884786936733,0.727576336019431
6,"SE","Lyco","FOR","FOR","DAL_FOR","DAL_FOR","Arachnida","Lycosidae","Ground","Lycosidae",-12.0793495054065,-10.96406608215,-12.4171392140457,-12.7420636918275,-13.0627639605708,-11.7008960543721,-14.167351395801,-12.0353271631829,-12.1297923276725,-7.10040578929421,-12.9713016384812,-8.23938238892691,-7.99512138651728,-6.27776365421191,-5.96663417028586,-5.90013874361358,-8.31152234442217,-7.7897117850514,-8.31684263115485,-9.19774162988027,-8.83081362278799,-10.5097381252436,-10.4855962940653,-12.8857956893384,-12.3621516124369,-12.6576075408774,-10.4398978243745,-10.8604155714138,-12.3825969517236,-13.0681641881214,-12.5527732445292,-11.9676875621067,-12.319763361855,-12.1995718994624,-13.8263649984678,-10.3130358459035,-10.2999232173257,0.921865951303122,-1.49535906586829,1.54840209892797,3.63067171654894,-1.97567555011579,-0.990473474261956,-1.33529506619194,1.36221508723662,-1.66089240198289,0.407922698279224,0.517424566645534,0.536552258836908,1.72865128262252,-0.140756649647014,-0.502009002791694,2.82806805806853,1.36768629539635,-1.00557792288989,0.0667134626504399,-2.27340696954284,-0.713635880476086
7,"RO","Lyco","UBF","PAIR","ARG_PAIR","ARG_UBF","Arachnida","Lycosidae","Ground","Lycosidae",-13.1637155041366,-12.1403402732939,-11.8434770149387,-12.3479829764756,-12.6871708715809,-9.26913588046022,-14.1746427197465,-12.654687723276,-11.0073949834394,-7.01569519764324,-12.8651716848699,-9.15869245371106,-10.4751527745193,-6.28025622920672,-5.24681622039328,-6.63586777636747,-9.528510132525,-8.72094758737546,-11.3136554608093,-10.77401738012,-10.0056401579346,-12.6701620598065,-10.6268462522162,-12.8287652391434,-14.0232840231611,-13.4640598524067,-11.5910171084784,-11.1650207986882,-13.0003242707258,-14.8170142760961,-11.4300190701126,-11.6761235234645,-12.8477379985687,-13.1217795065004,-13.9340058893415,-12.1278688893797,-11.4356994365071,-0.678587790474388,-1.437821731015,1.54065345609033,-0.606301121488494,0.79628085145629,NA,0.75542538800771,-0.90700812284153,0.840339633132152,0.892327270748166,0.902222775752717,0.171132778011467,0.489714094744881,0.84837843060467,1.16756325882323,-0.87376429597937,0.667373947829997,1.45762071506701,-0.847738772803407,-0.0604751617059673,0.549501657074014
7,"SE","Lyco","FOR","FOR","GRA_FOR","GRA_FOR","Arachnida","Lycosidae","Ground","Lycosidae",-10.0084837188833,-11.9754111987989,-9.99477635998697,-13.5550000027336,-12.4218955900208,-9.11347484311496,-15.6759011560048,-11.5845920070875,-10.496126246372,-6.62903850770254,-12.6706375058759,-9.23673779811265,-8.05566596447289,-6.18852263346166,-5.68185298052409,-6.70957769444106,-8.62802568492841,-8.29782317686321,-9.01728486795186,-8.7726474327469,-8.66329092434598,-10.1670766522464,-9.53338836474738,-9.89986228277557,-11.3177536152744,-11.3123547311271,-9.64528176297602,-10.3932196258668,-12.0417913075661,-14.1799557989465,-10.3497901371029,-10.8268725102176,-11.4695724668809,-11.9813629414267,-13.6896162150848,-9.30809090978957,-10.5416376412511,0.0437040142144989,1.5211058731821,1.82885854677478,3.52509928575294,-1.42172872452966,-0.70649570677263,-0.641333771660181,1.14776332307656,-1.90665754177479,0.565863251119952,0.380558650022571,0.563148678637192,1.11468206841852,-0.0751749395879338,-0.450454010483176,2.02568838103304,1.01493428075185,-1.00557792288989,0.70032531092081,-2.91271079275061,-0.706837547712467
8,"RO","Lyco","FBF","PAIR","ARG_PAIR","ARG_FBF","Arachnida","Lycosidae","Ground","Lycosidae",-13.1270578734453,-11.6322179947635,-12.904451808336,-11.8001217005519,-12.3183803529755,-9.76031167638276,-13.9836166957456,-12.0208612360698,-11.678165004073,-6.64439272954131,-12.2833083979828,-8.40651454938623,-9.90265560283382,-6.71778465463477,-5.55264633418599,-5.99739090051572,-8.80553154844102,-8.00506782126833,-12.4233940409979,-10.207281972484,-9.50673105718069,-9.91333440288826,-10.5177129742935,-11.9640632044945,-14.3789070241089,-13.0425748665746,-11.5850002508276,-11.3611547084392,-12.6234934706851,-13.3305301832476,-11.434735611864,-11.6925291463549,-12.2064130483707,-12.5299917129685,-12.2134140058804,-12.8287627031585,-10.4404939834239,0.547844418816249,-0.565291167606723,0.236637545321745,0.363300523485768,0.462682612320989,-0.821689146826729,1.0677757854718,-0.500649455224972,0.965514698863007,0.928234573495689,0.920094946718562,-0.0806178724386745,0.720681469153373,0.253602340474744,1.11209845526091,-0.596644502881129,0.987048341854183,0.874070831048972,-0.505448422379079,0.144186154847069,2.05547659263352
8,"SE","Lyco","FOR","FOR","LAF_FOR","LAF_FOR","Arachnida","Lycosidae","Ground","Lycosidae",-11.3596509304482,-11.1643388805697,-11.5750233287566,-13.3682019450443,-12.3594461716914,-8.76398570480304,-14.828919596674,-12.1586737122516,-9.12669355499405,-6.35912962516031,-12.7092876101634,-9.24698656298128,-9.26667666614933,-6.41618952439575,-5.62279306615191,-6.7272380331813,-8.87770373009774,-8.38065663308999,-10.2346366418873,-8.81084535346139,-7.98346208436549,-10.0085082167535,-9.54084358486073,-13.4805355276568,-10.8848795788093,-10.1431067602107,-9.71190798445968,-10.9098710575583,-12.2461006854712,-13.8279821206645,-11.3208459449984,-10.7531716006031,-11.5855343596042,-12.6205068352868,-14.1655589555837,-9.15016077914723,-10.487139896802,-1.29186175708198,-1.96103133070239,-0.780511261541991,1.59062044981638,0.236455323727979,-0.710106230847118,0.00559439778006066,1.48208982625242,-0.539564933826262,-1.1591075882614,-0.503976278422259,-0.311015328293404,-1.02488462445075,-1.18876763860388,-0.753276472731406,0.093099120795928,-0.665047970784787,-0.92679720187062,-0.0403271058185095,-1.30099146060433,-0.642692813361831
8,"SE","Lyco","FOR","FOR","LAF_FOR","LAF_FOR","Arachnida","Lycosidae","Ground","Lycosidae",-13.4920592469901,-12.0862711787041,-11.4145144777212,-13.9312231048384,-12.7139562387273,-9.45912580969933,-15.5309393169699,-12.2480780288786,-9.97411029821762,-6.50737326034657,-12.8891433135936,-9.33907395141004,-8.10730062785322,-6.35941775236869,-5.54814774671184,-6.77909599714314,-8.90305971847176,-8.39683512512427,-9.2852948895216,-8.88341580709237,-8.17916583815983,-10.2081690972761,-9.79214936273268,-12.2621313717664,-11.5018746905682,-10.9838086047608,-10.0947183435833,-11.2434927258284,-12.7760723003369,-14.720249413872,-11.3834079509913,-10.9864095074129,-11.9470562305026,-12.690861556112,-14.3593881219556,-9.15262042711375,-10.6419851743656,-1.29186175708198,-1.96103133070239,-0.780511261541991,1.59062044981638,0.236455323727979,-0.710106230847118,0.00559439778006066,1.48208982625242,-0.539564933826262,-1.1591075882614,-0.503976278422259,-0.311015328293404,-1.02488462445075,-1.18876763860388,-0.753276472731406,0.093099120795928,-0.665047970784787,-0.92679720187062,-0.0403271058185095,-2.98039565194379,-0.642692813361831
9,"RO","Lyco","UBF","PAIR","BRI_PAIR","BRI_UBF","Arachnida","Lycosidae","Ground","Lycosidae",-11.775479927967,-12.0843410774494,-11.4716078327632,-12.5137578630395,-12.8725148140555,-10.0558142333996,-13.1457537059805,-11.0251767439846,-10.472491175329,-6.44566842239843,-11.9183391783144,-8.45331042380035,-10.1647093089846,-6.93889782891732,-5.54341840509855,-6.10637290814973,-8.62748495993523,-7.76785624807873,-13.595869524348,-10.1608682765407,-9.14892046078054,-12.0725013610184,-10.242293867239,-11.3780354761222,-12.5296285893902,-12.2024583882657,-10.9470750434032,-10.6808717935061,-13.0600076195637,-14.0278227022294,-10.6000096813344,-11.2253055266953,-11.3136083442698,-11.8609495313107,-12.6522490424936,-11.8320661841786,-10.5489563059069,0.960004254046866,0.0262997503918453,-0.390513495184855,-0.0807841833465095,0.63710746171468,NA,0.645301225847545,-1.11104140760559,-0.288396127002481,1.03923916209331,0.869763882850481,0.573029697725976,0.688057543907578,1.22241919067325,1.08046009252097,-0.577352937725869,0.178707757355549,1.849701717201,-0.501240939394519,0.857423103200499,1.85760737119974
9,"SE","Lyco","FOR","FOR","FIB_FOR","FIB_FOR","Arachnida","Lycosidae","Ground","Lycosidae",-13.3220082287602,-12.4713214491971,-12.275327174312,-13.4262601859303,-12.0435344955527,-9.19702040919862,-14.8691107444274,-11.2650089894752,-9.33369495586745,-6.28040132245273,-12.4393324258806,-9.02789935349236,-9.31774242092074,-6.73602964964682,-5.56871347501104,-6.45824082549546,-9.03927187764006,-8.30080988565151,-10.4281714157319,-9.09762470463115,-9.37782146889436,-10.5415524144908,-9.29712380188591,-10.5520534209535,-11.5806335217954,-11.8678169561252,-9.91133262446032,-10.1084410700933,-11.9176971928991,-14.0254770812345,-9.60351294123965,-10.1916395819616,-10.7634718231031,-11.6315249544867,-13.3560629589848,-9.09440113108328,-10.0194345293897,0.0385820006032706,0.860878150656157,0.184232588641553,1.35688359397373,-1.21196318295477,-0.977976874163812,-1.75711918907679,1.31890394158733,-1.70482564265074,-0.304395488161695,-0.0276688053486321,0.232625779656918,0.574964739329252,-0.51455284350433,-0.693616173828009,1.96045031784012,0.476896003447609,-0.987273618092556,0.430919518703759,-1.11396954048403,-0.711777556682421
